Category,IndexName,IndexSymbol,DownloadSymbol,Date,Open,High,Low,Close,Adj Close,Volume
Nifty Metal,Nifty Metal,^CNXMETAL,METALIETF.NS,2024-08-19,9.152199745178223,9.152199745178223,9.152199745178223,9.152199745178223,9.152199745178223,0.0
Nifty Metal,Nifty Metal,^CNXMETAL,METALIETF.NS,2024-08-20,9.195199966430664,9.195199966430664,9.195199966430664,9.195199966430664,9.195199966430664,0.0
Nifty Metal,Nifty Metal,^CNXMETAL,METALIETF.NS,2024-08-21,9.254599571228027,9.254599571228027,9.254599571228027,9.254599571228027,9.254599571228027,0.0
Nifty Metal,Nifty Metal,^CNXMETAL,METALIETF.NS,2024-08-22,9.317700386047363,9.317700386047363,9.317700386047363,9.317700386047363,9.317700386047363,0.0
Nifty Metal,Nifty Metal,^CNXMETAL,METALIETF.NS,2024-08-23,9.282099723815918,9.282099723815918,9.282099723815918,9.282099723815918,9.282099723815918,0.0
Nifty Metal,Nifty Metal,^CNXMETAL,METALIETF.NS,2024-08-26,9.34000015258789,9.529999732971191,9.289999961853027,9.510000228881836,9.510000228881836,3626199.0
Nifty Metal,Nifty Metal,^CNXMETAL,METALIETF.NS,2024-08-27,9.8100004196167,10.0,9.430000305175781,9.449999809265137,9.449999809265137,2860245.0
Nifty Metal,Nifty Metal,^CNXMETAL,METALIETF.NS,2024-08-28,9.579999923706055,9.579999923706055,9.369999885559082,9.430000305175781,9.430000305175781,2347596.0
Nifty Metal,Nifty Metal,^CNXMETAL,METALIETF.NS,2024-08-29,9.470000267028809,9.479999542236328,9.289999961853027,9.380000114440918,9.380000114440918,2511551.0
Nifty Metal,Nifty Metal,^CNXMETAL,METALIETF.NS,2024-08-30,9.479999542236328,9.489999771118164,9.359999656677246,9.40999984741211,9.40999984741211,3502569.0
Nifty Metal,Nifty Metal,^CNXMETAL,METALIETF.NS,2024-09-02,9.510000228881836,9.550000190734863,9.289999961853027,9.319999694824219,9.319999694824219,5300682.0
Nifty Metal,Nifty Metal,^CNXMETAL,METALIETF.NS,2024-09-03,9.460000038146973,9.460000038146973,9.25,9.270000457763672,9.270000457763672,3128730.0
Nifty Metal,Nifty Metal,^CNXMETAL,METALIETF.NS,2024-09-04,9.0,9.369999885559082,9.0,9.199999809265137,9.199999809265137,2840811.0
Nifty Metal,Nifty Metal,^CNXMETAL,METALIETF.NS,2024-09-05,9.329999923706055,9.329999923706055,9.180000305175781,9.199999809265137,9.199999809265137,1449808.0
Nifty Metal,Nifty Metal,^CNXMETAL,METALIETF.NS,2024-09-06,9.289999961853027,9.289999961853027,9.109999656677246,9.170000076293945,9.170000076293945,2124604.0
Nifty Metal,Nifty Metal,^CNXMETAL,METALIETF.NS,2024-09-09,9.270000457763672,9.279999732971191,9.029999732971191,9.100000381469727,9.100000381469727,1893499.0
Nifty Metal,Nifty Metal,^CNXMETAL,METALIETF.NS,2024-09-10,9.239999771118164,9.25,9.109999656677246,9.170000076293945,9.170000076293945,774442.0
Nifty Metal,Nifty Metal,^CNXMETAL,METALIETF.NS,2024-09-11,9.270000457763672,9.270000457763672,9.020000457763672,9.039999961853027,9.039999961853027,3451252.0
Nifty Metal,Nifty Metal,^CNXMETAL,METALIETF.NS,2024-09-12,9.210000038146973,9.3100004196167,9.079999923706055,9.270000457763672,9.270000457763672,2310624.0
Nifty Metal,Nifty Metal,^CNXMETAL,METALIETF.NS,2024-09-13,9.350000381469727,9.430000305175781,9.289999961853027,9.390000343322754,9.390000343322754,3201691.0
Nifty Metal,Nifty Metal,^CNXMETAL,METALIETF.NS,2024-09-16,9.430000305175781,9.989999771118164,9.399999618530273,9.449999809265137,9.449999809265137,5434502.0
Nifty Metal,Nifty Metal,^CNXMETAL,METALIETF.NS,2024-09-17,9.449999809265137,9.579999923706055,9.369999885559082,9.380000114440918,9.380000114440918,3498940.0
Nifty Metal,Nifty Metal,^CNXMETAL,METALIETF.NS,2024-09-18,9.390000343322754,9.5,9.260000228881836,9.329999923706055,9.329999923706055,2785221.0
Nifty Metal,Nifty Metal,^CNXMETAL,METALIETF.NS,2024-09-19,9.4399995803833,9.449999809265137,9.130000114440918,9.210000038146973,9.210000038146973,5894632.0
Nifty Metal,Nifty Metal,^CNXMETAL,METALIETF.NS,2024-09-20,9.260000228881836,9.460000038146973,9.25,9.399999618530273,9.399999618530273,3741097.0
Nifty Metal,Nifty Metal,^CNXMETAL,METALIETF.NS,2024-09-23,9.449999809265137,9.649999618530273,9.399999618530273,9.430000305175781,9.430000305175781,1932613.0
Nifty Metal,Nifty Metal,^CNXMETAL,METALIETF.NS,2024-09-24,9.529999732971191,9.8100004196167,9.430000305175781,9.75,9.75,6742881.0
Nifty Metal,Nifty Metal,^CNXMETAL,METALIETF.NS,2024-09-25,9.779999732971191,10.670000076293945,9.75,9.800000190734863,9.800000190734863,11142028.0
Nifty Metal,Nifty Metal,^CNXMETAL,METALIETF.NS,2024-09-26,9.970000267028809,10.050000190734863,9.710000038146973,9.989999771118164,9.989999771118164,7029947.0
Nifty Metal,Nifty Metal,^CNXMETAL,METALIETF.NS,2024-09-27,10.050000190734863,10.670000076293945,10.020000457763672,10.079999923706055,10.079999923706055,9081995.0
Nifty Metal,Nifty Metal,^CNXMETAL,METALIETF.NS,2024-09-30,10.239999771118164,10.380000114440918,10.109999656677246,10.210000038146973,10.210000038146973,11783927.0
Nifty Metal,Nifty Metal,^CNXMETAL,METALIETF.NS,2024-10-01,10.3100004196167,10.369999885559082,10.09000015258789,10.239999771118164,10.239999771118164,7001487.0
Nifty Metal,Nifty Metal,^CNXMETAL,METALIETF.NS,2024-10-03,10.25,10.399999618530273,10.079999923706055,10.229999542236328,10.229999542236328,18633238.0
Nifty Metal,Nifty Metal,^CNXMETAL,METALIETF.NS,2024-10-04,10.319999694824219,10.329999923706055,10.010000228881836,10.140000343322754,10.140000343322754,10101090.0
Nifty Metal,Nifty Metal,^CNXMETAL,METALIETF.NS,2024-10-07,10.239999771118164,10.279999732971191,9.800000190734863,9.9399995803833,9.9399995803833,7345960.0
Nifty Metal,Nifty Metal,^CNXMETAL,METALIETF.NS,2024-10-08,10.09000015258789,10.09000015258789,9.600000381469727,9.8100004196167,9.8100004196167,6842829.0
Nifty Metal,Nifty Metal,^CNXMETAL,METALIETF.NS,2024-10-09,9.989999771118164,9.989999771118164,9.720000267028809,9.819999694824219,9.819999694824219,5605197.0
Nifty Metal,Nifty Metal,^CNXMETAL,METALIETF.NS,2024-10-10,9.899999618530273,9.949999809265137,9.770000457763672,9.84000015258789,9.84000015258789,2617645.0
Nifty Metal,Nifty Metal,^CNXMETAL,METALIETF.NS,2024-10-11,9.989999771118164,10.020000457763672,9.859999656677246,9.9399995803833,9.9399995803833,2610901.0
Nifty Metal,Nifty Metal,^CNXMETAL,METALIETF.NS,2024-10-14,10.010000228881836,10.069999694824219,9.890000343322754,9.90999984741211,9.90999984741211,4921397.0
Nifty Metal,Nifty Metal,^CNXMETAL,METALIETF.NS,2024-10-15,9.90999984741211,10.0,9.699999809265137,9.75,9.75,4262266.0
Nifty Metal,Nifty Metal,^CNXMETAL,METALIETF.NS,2024-10-16,9.100000381469727,9.850000381469727,9.100000381469727,9.720000267028809,9.720000267028809,5083970.0
Nifty Metal,Nifty Metal,^CNXMETAL,METALIETF.NS,2024-10-17,9.789999961853027,9.819999694824219,9.579999923706055,9.609999656677246,9.609999656677246,4048621.0
Nifty Metal,Nifty Metal,^CNXMETAL,METALIETF.NS,2024-10-18,9.640000343322754,9.789999961853027,9.399999618530273,9.760000228881836,9.760000228881836,3953765.0
Nifty Metal,Nifty Metal,^CNXMETAL,METALIETF.NS,2024-10-21,9.789999961853027,9.869999885559082,9.579999923706055,9.619999885559082,9.619999885559082,3142713.0
Nifty Metal,Nifty Metal,^CNXMETAL,METALIETF.NS,2024-10-22,9.75,9.75,9.300000190734863,9.319999694824219,9.319999694824219,5344035.0
Nifty Metal,Nifty Metal,^CNXMETAL,METALIETF.NS,2024-10-23,9.4399995803833,9.449999809265137,9.25,9.300000190734863,9.300000190734863,6336851.0
Nifty Metal,Nifty Metal,^CNXMETAL,METALIETF.NS,2024-10-24,9.369999885559082,9.369999885559082,9.15999984741211,9.279999732971191,9.279999732971191,3806166.0
Nifty Metal,Nifty Metal,^CNXMETAL,METALIETF.NS,2024-10-25,9.550000190734863,9.550000190734863,8.930000305175781,9.069999694824219,9.069999694824219,4709469.0
Nifty Metal,Nifty Metal,^CNXMETAL,METALIETF.NS,2024-10-28,8.800000190734863,9.300000190734863,8.800000190734863,9.25,9.25,9049417.0
Nifty Metal,Nifty Metal,^CNXMETAL,METALIETF.NS,2024-10-29,9.289999961853027,9.369999885559082,9.109999656677246,9.34000015258789,9.34000015258789,2516801.0
Nifty Metal,Nifty Metal,^CNXMETAL,METALIETF.NS,2024-10-30,9.399999618530273,9.4399995803833,9.279999732971191,9.350000381469727,9.350000381469727,4193256.0
Nifty Metal,Nifty Metal,^CNXMETAL,METALIETF.NS,2024-10-31,9.4399995803833,9.4399995803833,9.289999961853027,9.34000015258789,9.34000015258789,3317616.0
Nifty Metal,Nifty Metal,^CNXMETAL,METALIETF.NS,2024-11-01,9.34000015258789,9.34000015258789,9.34000015258789,9.34000015258789,9.34000015258789,0.0
Nifty Metal,Nifty Metal,^CNXMETAL,METALIETF.NS,2024-11-04,9.399999618530273,9.449999809265137,9.119999885559082,9.220000267028809,9.220000267028809,3379672.0
Nifty Metal,Nifty Metal,^CNXMETAL,METALIETF.NS,2024-11-05,9.289999961853027,9.550000190734863,9.220000267028809,9.520000457763672,9.520000457763672,4239079.0
Nifty Metal,Nifty Metal,^CNXMETAL,METALIETF.NS,2024-11-06,9.550000190734863,9.699999809265137,9.399999618530273,9.670000076293945,9.670000076293945,29067434.0
Nifty Metal,Nifty Metal,^CNXMETAL,METALIETF.NS,2024-11-07,9.949999809265137,9.949999809265137,9.369999885559082,9.399999618530273,9.399999618530273,8322331.0
Nifty Metal,Nifty Metal,^CNXMETAL,METALIETF.NS,2024-11-08,9.5,9.550000190734863,9.270000457763672,9.3100004196167,9.3100004196167,5000607.0
Nifty Metal,Nifty Metal,^CNXMETAL,METALIETF.NS,2024-11-11,9.390000343322754,9.399999618530273,9.170000076293945,9.220000267028809,9.220000267028809,4474802.0
Nifty Metal,Nifty Metal,^CNXMETAL,METALIETF.NS,2024-11-12,9.25,9.300000190734863,9.0600004196167,9.100000381469727,9.100000381469727,5806895.0
Nifty Metal,Nifty Metal,^CNXMETAL,METALIETF.NS,2024-11-13,9.109999656677246,9.149999618530273,8.800000190734863,8.84000015258789,8.84000015258789,8765755.0
Nifty Metal,Nifty Metal,^CNXMETAL,METALIETF.NS,2024-11-14,9.100000381469727,9.100000381469727,8.829999923706055,8.84000015258789,8.84000015258789,4238444.0
Nifty Metal,Nifty Metal,^CNXMETAL,METALIETF.NS,2024-11-18,8.890000343322754,9.109999656677246,8.859999656677246,9.0,9.0,4681430.0
Nifty Metal,Nifty Metal,^CNXMETAL,METALIETF.NS,2024-11-19,9.010000228881836,9.0600004196167,8.90999984741211,8.930000305175781,8.930000305175781,10598907.0
Nifty Metal,Nifty Metal,^CNXMETAL,METALIETF.NS,2024-11-21,8.930000305175781,9.050000190734863,8.649999618530273,8.729999542236328,8.729999542236328,5688366.0
Nifty Metal,Nifty Metal,^CNXMETAL,METALIETF.NS,2024-11-22,8.84000015258789,8.890000343322754,8.680000305175781,8.859999656677246,8.859999656677246,3576463.0
Nifty Metal,Nifty Metal,^CNXMETAL,METALIETF.NS,2024-11-25,9.149999618530273,9.149999618530273,8.880000114440918,8.899999618530273,8.899999618530273,3986660.0
Nifty Metal,Nifty Metal,^CNXMETAL,METALIETF.NS,2024-11-26,8.930000305175781,8.979999542236328,8.880000114440918,8.90999984741211,8.90999984741211,1907069.0
Nifty Metal,Nifty Metal,^CNXMETAL,METALIETF.NS,2024-11-27,8.90999984741211,9.020000457763672,8.850000381469727,8.989999771118164,8.989999771118164,2003514.0
Nifty Metal,Nifty Metal,^CNXMETAL,METALIETF.NS,2024-11-28,9.039999961853027,9.069999694824219,8.949999809265137,8.970000267028809,8.970000267028809,2358685.0
Nifty Metal,Nifty Metal,^CNXMETAL,METALIETF.NS,2024-11-29,9.010000228881836,9.079999923706055,8.960000038146973,9.029999732971191,9.029999732971191,1409011.0
Nifty Metal,Nifty Metal,^CNXMETAL,METALIETF.NS,2024-12-02,9.09000015258789,9.149999618530273,9.0,9.119999885559082,9.119999885559082,2570126.0
Nifty Metal,Nifty Metal,^CNXMETAL,METALIETF.NS,2024-12-03,9.1899995803833,9.260000228881836,9.15999984741211,9.239999771118164,9.239999771118164,2743907.0
Nifty Metal,Nifty Metal,^CNXMETAL,METALIETF.NS,2024-12-04,9.279999732971191,9.279999732971191,9.15999984741211,9.220000267028809,9.220000267028809,13231882.0
Nifty Metal,Nifty Metal,^CNXMETAL,METALIETF.NS,2024-12-05,9.220000267028809,9.300000190734863,9.149999618530273,9.25,9.25,2509116.0
Nifty Metal,Nifty Metal,^CNXMETAL,METALIETF.NS,2024-12-06,9.25,9.40999984741211,9.25,9.380000114440918,9.380000114440918,2961404.0
Nifty Metal,Nifty Metal,^CNXMETAL,METALIETF.NS,2024-12-09,9.369999885559082,9.470000267028809,9.300000190734863,9.449999809265137,9.449999809265137,2543470.0
Nifty Metal,Nifty Metal,^CNXMETAL,METALIETF.NS,2024-12-10,9.449999809265137,9.550000190734863,9.4399995803833,9.470000267028809,9.470000267028809,2486569.0
Nifty Metal,Nifty Metal,^CNXMETAL,METALIETF.NS,2024-12-11,9.479999542236328,9.600000381469727,9.449999809265137,9.470000267028809,9.470000267028809,1826028.0
Nifty Metal,Nifty Metal,^CNXMETAL,METALIETF.NS,2024-12-12,9.550000190734863,9.550000190734863,9.40999984741211,9.470000267028809,9.470000267028809,2171283.0
Nifty Metal,Nifty Metal,^CNXMETAL,METALIETF.NS,2024-12-13,9.710000038146973,9.710000038146973,9.229999542236328,9.4399995803833,9.4399995803833,19092797.0
Nifty Metal,Nifty Metal,^CNXMETAL,METALIETF.NS,2024-12-16,9.460000038146973,9.479999542236328,9.3100004196167,9.359999656677246,9.359999656677246,1877234.0
Nifty Metal,Nifty Metal,^CNXMETAL,METALIETF.NS,2024-12-17,9.359999656677246,9.369999885559082,9.180000305175781,9.199999809265137,9.199999809265137,1818234.0
Nifty Metal,Nifty Metal,^CNXMETAL,METALIETF.NS,2024-12-18,9.220000267028809,9.229999542236328,9.039999961853027,9.079999923706055,9.079999923706055,1706185.0
Nifty Metal,Nifty Metal,^CNXMETAL,METALIETF.NS,2024-12-19,9.079999923706055,9.079999923706055,8.850000381469727,8.979999542236328,8.979999542236328,2981780.0
Nifty Metal,Nifty Metal,^CNXMETAL,METALIETF.NS,2024-12-20,8.989999771118164,9.050000190734863,8.800000190734863,8.829999923706055,8.829999923706055,3414171.0
Nifty Metal,Nifty Metal,^CNXMETAL,METALIETF.NS,2024-12-23,8.920000076293945,8.979999542236328,8.84000015258789,8.899999618530273,8.899999618530273,2046423.0
Nifty Metal,Nifty Metal,^CNXMETAL,METALIETF.NS,2024-12-24,9.09000015258789,9.09000015258789,8.800000190734863,8.819999694824219,8.819999694824219,3076823.0
Nifty Metal,Nifty Metal,^CNXMETAL,METALIETF.NS,2024-12-26,8.989999771118164,8.989999771118164,8.779999732971191,8.84000015258789,8.84000015258789,3630183.0
Nifty Metal,Nifty Metal,^CNXMETAL,METALIETF.NS,2024-12-27,8.880000114440918,8.899999618530273,8.739999771118164,8.75,8.75,1935848.0
Nifty Metal,Nifty Metal,^CNXMETAL,METALIETF.NS,2024-12-30,8.800000190734863,8.800000190734863,8.609999656677246,8.640000343322754,8.640000343322754,2169020.0
Nifty Metal,Nifty Metal,^CNXMETAL,METALIETF.NS,2024-12-31,8.850000381469727,8.850000381469727,8.600000381469727,8.680000305175781,8.680000305175781,12151343.0
Nifty Metal,Nifty Metal,^CNXMETAL,METALIETF.NS,2025-01-01,8.6899995803833,8.9399995803833,8.609999656677246,8.65999984741211,8.65999984741211,2359426.0
Nifty Metal,Nifty Metal,^CNXMETAL,METALIETF.NS,2025-01-02,8.789999961853027,8.789999961853027,8.640000343322754,8.75,8.75,2171304.0
Nifty Metal,Nifty Metal,^CNXMETAL,METALIETF.NS,2025-01-03,8.75,8.850000381469727,8.739999771118164,8.75,8.75,3103093.0
Nifty Metal,Nifty Metal,^CNXMETAL,METALIETF.NS,2025-01-06,8.75,8.829999923706055,8.460000038146973,8.479999542236328,8.479999542236328,7503858.0
Nifty Metal,Nifty Metal,^CNXMETAL,METALIETF.NS,2025-01-07,8.5,8.609999656677246,8.5,8.59000015258789,8.59000015258789,2242461.0
Nifty Metal,Nifty Metal,^CNXMETAL,METALIETF.NS,2025-01-08,8.619999885559082,8.670000076293945,8.449999809265137,8.520000457763672,8.520000457763672,2626430.0
Nifty Metal,Nifty Metal,^CNXMETAL,METALIETF.NS,2025-01-09,8.6899995803833,8.789999961853027,8.40999984741211,8.420000076293945,8.420000076293945,2413891.0
Nifty Metal,Nifty Metal,^CNXMETAL,METALIETF.NS,2025-01-10,8.420000076293945,8.449999809265137,8.239999771118164,8.300000190734863,8.300000190734863,2959716.0
Nifty Metal,Nifty Metal,^CNXMETAL,METALIETF.NS,2025-01-13,8.300000190734863,8.300000190734863,7.960000038146973,7.96999979019165,7.96999979019165,5702032.0
Nifty Metal,Nifty Metal,^CNXMETAL,METALIETF.NS,2025-01-14,8.0,8.300000190734863,8.0,8.279999732971191,8.279999732971191,1585830.0
Nifty Metal,Nifty Metal,^CNXMETAL,METALIETF.NS,2025-01-15,8.4399995803833,8.4399995803833,8.260000228881836,8.300000190734863,8.300000190734863,1847933.0
Nifty Metal,Nifty Metal,^CNXMETAL,METALIETF.NS,2025-01-16,8.380000114440918,8.470000267028809,8.380000114440918,8.4399995803833,8.4399995803833,8281537.0
Nifty Metal,Nifty Metal,^CNXMETAL,METALIETF.NS,2025-01-17,8.470000267028809,8.569999694824219,8.40999984741211,8.539999961853027,8.539999961853027,1754774.0
Nifty Metal,Nifty Metal,^CNXMETAL,METALIETF.NS,2025-01-20,8.65999984741211,8.65999984741211,8.479999542236328,8.609999656677246,8.609999656677246,1808705.0
Nifty Metal,Nifty Metal,^CNXMETAL,METALIETF.NS,2025-01-21,8.670000076293945,8.699999809265137,8.529999732971191,8.5600004196167,8.5600004196167,8386693.0
Nifty Metal,Nifty Metal,^CNXMETAL,METALIETF.NS,2025-01-22,8.600000381469727,8.600000381469727,8.359999656677246,8.479999542236328,8.479999542236328,2131589.0
Nifty Metal,Nifty Metal,^CNXMETAL,METALIETF.NS,2025-01-23,8.4399995803833,8.579999923706055,8.430000305175781,8.529999732971191,8.529999732971191,486542.0
Nifty Metal,Nifty Metal,^CNXMETAL,METALIETF.NS,2025-01-24,8.640000343322754,8.649999618530273,8.430000305175781,8.4399995803833,8.4399995803833,2204193.0
Nifty Metal,Nifty Metal,^CNXMETAL,METALIETF.NS,2025-01-27,8.4399995803833,8.449999809265137,8.1899995803833,8.210000038146973,8.210000038146973,1542813.0
Nifty Metal,Nifty Metal,^CNXMETAL,METALIETF.NS,2025-01-28,8.380000114440918,8.380000114440918,8.069999694824219,8.180000305175781,8.180000305175781,1506521.0
Nifty Metal,Nifty Metal,^CNXMETAL,METALIETF.NS,2025-01-29,8.329999923706055,8.380000114440918,8.149999618530273,8.319999694824219,8.319999694824219,828477.0
Nifty Metal,Nifty Metal,^CNXMETAL,METALIETF.NS,2025-01-30,8.319999694824219,8.449999809265137,8.279999732971191,8.329999923706055,8.329999923706055,1113783.0
Nifty Metal,Nifty Metal,^CNXMETAL,METALIETF.NS,2025-01-31,8.329999923706055,8.4399995803833,8.229999542236328,8.420000076293945,8.420000076293945,2264964.0
Nifty Metal,Nifty Metal,^CNXMETAL,METALIETF.NS,2025-02-01,8.479999542236328,8.529999732971191,8.199999809265137,8.329999923706055,8.329999923706055,2930940.0
Nifty Metal,Nifty Metal,^CNXMETAL,METALIETF.NS,2025-02-03,8.229999542236328,8.239999771118164,8.020000457763672,8.170000076293945,8.170000076293945,3711483.0
Nifty Metal,Nifty Metal,^CNXMETAL,METALIETF.NS,2025-02-04,8.260000228881836,8.380000114440918,8.199999809265137,8.3100004196167,8.3100004196167,2464110.0
Nifty Metal,Nifty Metal,^CNXMETAL,METALIETF.NS,2025-02-05,8.359999656677246,8.470000267028809,8.319999694824219,8.430000305175781,8.430000305175781,1742868.0
Nifty Metal,Nifty Metal,^CNXMETAL,METALIETF.NS,2025-02-06,8.510000228881836,8.59000015258789,8.350000381469727,8.380000114440918,8.380000114440918,1314789.0
Nifty Metal,Nifty Metal,^CNXMETAL,METALIETF.NS,2025-02-07,8.529999732971191,8.75,8.359999656677246,8.579999923706055,8.579999923706055,2759225.0
Nifty Metal,Nifty Metal,^CNXMETAL,METALIETF.NS,2025-02-10,8.579999923706055,8.59000015258789,8.34000015258789,8.380000114440918,8.380000114440918,2333548.0
Nifty Metal,Nifty Metal,^CNXMETAL,METALIETF.NS,2025-02-11,8.550000190734863,8.550000190734863,8.199999809265137,8.220000267028809,8.220000267028809,2285185.0
Nifty Metal,Nifty Metal,^CNXMETAL,METALIETF.NS,2025-02-12,8.380000114440918,8.380000114440918,8.079999923706055,8.270000457763672,8.270000457763672,2931573.0
Nifty Metal,Nifty Metal,^CNXMETAL,METALIETF.NS,2025-02-13,8.279999732971191,8.470000267028809,8.239999771118164,8.350000381469727,8.350000381469727,4513105.0
Nifty Metal,Nifty Metal,^CNXMETAL,METALIETF.NS,2025-02-14,8.350000381469727,8.569999694824219,8.130000114440918,8.199999809265137,8.199999809265137,5840841.0
Nifty Metal,Nifty Metal,^CNXMETAL,METALIETF.NS,2025-02-17,8.199999809265137,8.34000015258789,8.0600004196167,8.260000228881836,8.260000228881836,2837127.0
Nifty Metal,Nifty Metal,^CNXMETAL,METALIETF.NS,2025-02-18,8.25,8.430000305175781,8.130000114440918,8.270000457763672,8.270000457763672,1318021.0
Nifty Metal,Nifty Metal,^CNXMETAL,METALIETF.NS,2025-02-19,8.279999732971191,8.460000038146973,8.199999809265137,8.369999885559082,8.369999885559082,3268877.0
Nifty Metal,Nifty Metal,^CNXMETAL,METALIETF.NS,2025-02-20,8.390000343322754,8.5600004196167,8.359999656677246,8.529999732971191,8.529999732971191,10194289.0
Nifty Metal,Nifty Metal,^CNXMETAL,METALIETF.NS,2025-02-21,8.510000228881836,8.65999984741211,8.479999542236328,8.600000381469727,8.600000381469727,13252320.0
Nifty Metal,Nifty Metal,^CNXMETAL,METALIETF.NS,2025-02-24,8.649999618530273,8.65999984741211,8.380000114440918,8.4399995803833,8.4399995803833,3280422.0
Nifty Metal,Nifty Metal,^CNXMETAL,METALIETF.NS,2025-02-25,8.4399995803833,8.600000381469727,8.300000190734863,8.3100004196167,8.3100004196167,2404391.0
Nifty Metal,Nifty Metal,^CNXMETAL,METALIETF.NS,2025-02-27,8.34000015258789,8.390000343322754,8.199999809265137,8.3100004196167,8.3100004196167,3244297.0
Nifty Metal,Nifty Metal,^CNXMETAL,METALIETF.NS,2025-02-28,8.4399995803833,8.4399995803833,8.130000114440918,8.229999542236328,8.229999542236328,2898953.0
Nifty Metal,Nifty Metal,^CNXMETAL,METALIETF.NS,2025-03-03,8.329999923706055,8.350000381469727,8.109999656677246,8.329999923706055,8.329999923706055,3296407.0
Nifty Metal,Nifty Metal,^CNXMETAL,METALIETF.NS,2025-03-04,8.270000457763672,8.40999984741211,8.1899995803833,8.350000381469727,8.350000381469727,4792166.0
Nifty Metal,Nifty Metal,^CNXMETAL,METALIETF.NS,2025-03-05,8.390000343322754,8.699999809265137,8.350000381469727,8.680000305175781,8.680000305175781,7235063.0
Nifty Metal,Nifty Metal,^CNXMETAL,METALIETF.NS,2025-03-06,8.720000267028809,8.9399995803833,8.680000305175781,8.90999984741211,8.90999984741211,11884586.0
Nifty Metal,Nifty Metal,^CNXMETAL,METALIETF.NS,2025-03-07,8.90999984741211,9.100000381469727,8.850000381469727,8.9399995803833,8.9399995803833,7559770.0
Nifty Metal,Nifty Metal,^CNXMETAL,METALIETF.NS,2025-03-10,8.9399995803833,9.050000190734863,8.84000015258789,8.850000381469727,8.850000381469727,4794409.0
Nifty Metal,Nifty Metal,^CNXMETAL,METALIETF.NS,2025-03-11,8.899999618530273,9.0,8.449999809265137,8.90999984741211,8.90999984741211,3540815.0
Nifty Metal,Nifty Metal,^CNXMETAL,METALIETF.NS,2025-03-12,8.9399995803833,9.0,8.739999771118164,8.850000381469727,8.850000381469727,2957464.0
Nifty Metal,Nifty Metal,^CNXMETAL,METALIETF.NS,2025-03-13,8.989999771118164,8.989999771118164,8.729999542236328,8.760000228881836,8.760000228881836,3436738.0
Nifty Metal,Nifty Metal,^CNXMETAL,METALIETF.NS,2025-03-17,8.770000457763672,8.90999984741211,8.75,8.84000015258789,8.84000015258789,5429991.0
Nifty Metal,Nifty Metal,^CNXMETAL,METALIETF.NS,2025-03-18,8.84000015258789,8.84000015258789,8.84000015258789,8.84000015258789,8.84000015258789,0.0
Nifty Metal,Nifty Metal,^CNXMETAL,METALIETF.NS,2025-03-19,9.09000015258789,9.199999809265137,9.039999961853027,9.149999618530273,9.149999618530273,4751552.0
Nifty Metal,Nifty Metal,^CNXMETAL,METALIETF.NS,2025-03-20,9.149999618530273,9.350000381469727,9.100000381469727,9.25,9.25,6444708.0
Nifty Metal,Nifty Metal,^CNXMETAL,METALIETF.NS,2025-03-21,9.239999771118164,9.380000114440918,9.170000076293945,9.210000038146973,9.210000038146973,2674096.0
Nifty Metal,Nifty Metal,^CNXMETAL,METALIETF.NS,2025-03-24,9.199999809265137,9.329999923706055,9.149999618530273,9.25,9.25,3560295.0
Nifty Metal,Nifty Metal,^CNXMETAL,METALIETF.NS,2025-03-25,9.300000190734863,9.3100004196167,9.09000015258789,9.119999885559082,9.119999885559082,4003556.0
Nifty Metal,Nifty Metal,^CNXMETAL,METALIETF.NS,2025-03-26,9.149999618530273,9.270000457763672,9.020000457763672,9.079999923706055,9.079999923706055,4842825.0
Nifty Metal,Nifty Metal,^CNXMETAL,METALIETF.NS,2025-03-27,9.020000457763672,9.1899995803833,9.010000228881836,9.15999984741211,9.15999984741211,8565143.0
Nifty Metal,Nifty Metal,^CNXMETAL,METALIETF.NS,2025-03-28,9.1899995803833,9.34000015258789,9.050000190734863,9.079999923706055,9.079999923706055,1898032.0
Nifty Metal,Nifty Metal,^CNXMETAL,METALIETF.NS,2025-04-01,9.079999923706055,9.199999809265137,8.979999542236328,9.010000228881836,9.010000228881836,1295959.0
Nifty Metal,Nifty Metal,^CNXMETAL,METALIETF.NS,2025-04-02,9.010000228881836,9.100000381469727,8.930000305175781,9.069999694824219,9.069999694824219,2078308.0
Nifty Metal,Nifty Metal,^CNXMETAL,METALIETF.NS,2025-04-03,9.010000228881836,9.079999923706055,8.970000267028809,9.0,9.0,1856952.0
Nifty Metal,Nifty Metal,^CNXMETAL,METALIETF.NS,2025-04-04,9.0,9.010000228881836,8.399999618530273,8.460000038146973,8.460000038146973,9856542.0
Nifty Metal,Nifty Metal,^CNXMETAL,METALIETF.NS,2025-04-07,8.460000038146973,8.460000038146973,7.349999904632568,7.900000095367432,7.900000095367432,14754404.0
Nifty Metal,Nifty Metal,^CNXMETAL,METALIETF.NS,2025-04-08,8.09000015258789,8.390000343322754,7.820000171661377,7.980000019073486,7.980000019073486,3928779.0
Nifty Metal,Nifty Metal,^CNXMETAL,METALIETF.NS,2025-04-09,8.050000190734863,8.069999694824219,7.789999961853027,7.860000133514404,7.860000133514404,6754823.0
Nifty Metal,Nifty Metal,^CNXMETAL,METALIETF.NS,2025-04-11,7.900000095367432,8.4399995803833,7.900000095367432,8.15999984741211,8.15999984741211,6292358.0
Nifty Metal,Nifty Metal,^CNXMETAL,METALIETF.NS,2025-04-15,8.25,8.4399995803833,8.220000267028809,8.430000305175781,8.430000305175781,4071586.0
Nifty Metal,Nifty Metal,^CNXMETAL,METALIETF.NS,2025-04-16,8.460000038146973,8.539999961853027,8.34000015258789,8.4399995803833,8.4399995803833,5329339.0
Nifty Metal,Nifty Metal,^CNXMETAL,METALIETF.NS,2025-04-17,8.479999542236328,8.550000190734863,8.34000015258789,8.5,8.5,4470261.0
Nifty Metal,Nifty Metal,^CNXMETAL,METALIETF.NS,2025-04-21,8.65999984741211,8.75,8.5,8.65999984741211,8.65999984741211,16463217.0
Nifty Metal,Nifty Metal,^CNXMETAL,METALIETF.NS,2025-04-22,8.800000190734863,8.819999694824219,8.670000076293945,8.680000305175781,8.680000305175781,7055198.0
Nifty Metal,Nifty Metal,^CNXMETAL,METALIETF.NS,2025-04-23,8.850000381469727,8.850000381469727,8.609999656677246,8.739999771118164,8.739999771118164,4454349.0
Nifty Metal,Nifty Metal,^CNXMETAL,METALIETF.NS,2025-04-24,8.729999542236328,8.819999694824219,8.699999809265137,8.770000457763672,8.770000457763672,3057027.0
Nifty Metal,Nifty Metal,^CNXMETAL,METALIETF.NS,2025-04-25,8.789999961853027,8.829999923706055,8.5,8.579999923706055,8.579999923706055,8665520.0
Nifty Metal,Nifty Metal,^CNXMETAL,METALIETF.NS,2025-04-28,8.619999885559082,8.720000267028809,8.520000457763672,8.6899995803833,8.6899995803833,2892409.0
Nifty Metal,Nifty Metal,^CNXMETAL,METALIETF.NS,2025-04-29,8.739999771118164,8.770000457763672,8.609999656677246,8.619999885559082,8.619999885559082,3074505.0
Nifty Metal,Nifty Metal,^CNXMETAL,METALIETF.NS,2025-04-30,8.649999618530273,8.680000305175781,8.550000190734863,8.569999694824219,8.569999694824219,5930523.0
Nifty Metal,Nifty Metal,^CNXMETAL,METALIETF.NS,2025-05-02,8.640000343322754,8.720000267028809,8.470000267028809,8.520000457763672,8.520000457763672,10176921.0
Nifty Metal,Nifty Metal,^CNXMETAL,METALIETF.NS,2025-05-05,8.699999809265137,8.699999809265137,8.520000457763672,8.600000381469727,8.600000381469727,5625900.0
Nifty Metal,Nifty Metal,^CNXMETAL,METALIETF.NS,2025-05-06,8.65999984741211,8.65999984741211,8.510000228881836,8.520000457763672,8.520000457763672,4003835.0
Nifty Metal,Nifty Metal,^CNXMETAL,METALIETF.NS,2025-05-07,8.5,8.640000343322754,8.4399995803833,8.609999656677246,8.609999656677246,4506873.0
Nifty Metal,Nifty Metal,^CNXMETAL,METALIETF.NS,2025-05-08,8.619999885559082,8.65999984741211,8.40999984741211,8.4399995803833,8.4399995803833,6101476.0
Nifty Metal,Nifty Metal,^CNXMETAL,METALIETF.NS,2025-05-09,8.40999984741211,8.460000038146973,8.289999961853027,8.430000305175781,8.430000305175781,4762652.0
Nifty Metal,Nifty Metal,^CNXMETAL,METALIETF.NS,2025-05-12,8.520000457763672,8.920000076293945,8.520000457763672,8.899999618530273,8.899999618530273,15086512.0
Nifty Metal,Nifty Metal,^CNXMETAL,METALIETF.NS,2025-05-13,8.899999618530273,8.9399995803833,8.800000190734863,8.819999694824219,8.819999694824219,4838336.0
Nifty Metal,Nifty Metal,^CNXMETAL,METALIETF.NS,2025-05-14,8.84000015258789,9.079999923706055,8.819999694824219,9.039999961853027,9.039999961853027,16694004.0
Nifty Metal,Nifty Metal,^CNXMETAL,METALIETF.NS,2025-05-15,9.069999694824219,9.210000038146973,9.029999732971191,9.1899995803833,9.1899995803833,10114371.0
Nifty Metal,Nifty Metal,^CNXMETAL,METALIETF.NS,2025-05-16,9.1899995803833,9.279999732971191,9.119999885559082,9.180000305175781,9.180000305175781,3888844.0
Nifty Metal,Nifty Metal,^CNXMETAL,METALIETF.NS,2025-05-19,9.170000076293945,9.239999771118164,9.130000114440918,9.1899995803833,9.1899995803833,4637269.0
Nifty Metal,Nifty Metal,^CNXMETAL,METALIETF.NS,2025-05-20,9.300000190734863,9.550000190734863,9.130000114440918,9.140000343322754,9.140000343322754,3010076.0
Nifty Metal,Nifty Metal,^CNXMETAL,METALIETF.NS,2025-05-21,9.180000305175781,9.229999542236328,9.109999656677246,9.180000305175781,9.180000305175781,3716870.0
Nifty Metal,Nifty Metal,^CNXMETAL,METALIETF.NS,2025-05-22,9.15999984741211,9.229999542236328,9.109999656677246,9.180000305175781,9.180000305175781,3239176.0
Nifty Metal,Nifty Metal,^CNXMETAL,METALIETF.NS,2025-05-23,9.050000190734863,9.270000457763672,9.050000190734863,9.229999542236328,9.229999542236328,2296463.0
Nifty Metal,Nifty Metal,^CNXMETAL,METALIETF.NS,2025-05-26,9.25,9.380000114440918,9.25,9.34000015258789,9.34000015258789,3974327.0
Nifty Metal,Nifty Metal,^CNXMETAL,METALIETF.NS,2025-05-27,9.3100004196167,9.380000114440918,9.25,9.279999732971191,9.279999732971191,3993457.0
Nifty Metal,Nifty Metal,^CNXMETAL,METALIETF.NS,2025-05-28,9.319999694824219,9.359999656677246,9.210000038146973,9.220000267028809,9.220000267028809,2594464.0
Nifty Metal,Nifty Metal,^CNXMETAL,METALIETF.NS,2025-05-29,9.34000015258789,9.369999885559082,9.260000228881836,9.329999923706055,9.329999923706055,4056191.0
Nifty Metal,Nifty Metal,^CNXMETAL,METALIETF.NS,2025-05-30,9.350000381469727,9.380000114440918,9.170000076293945,9.199999809265137,9.199999809265137,5502674.0
Nifty Metal,Nifty Metal,^CNXMETAL,METALIETF.NS,2025-06-02,9.170000076293945,9.170000076293945,9.0600004196167,9.109999656677246,9.109999656677246,4399768.0
Nifty Metal,Nifty Metal,^CNXMETAL,METALIETF.NS,2025-06-03,9.109999656677246,9.1899995803833,8.880000114440918,9.100000381469727,9.100000381469727,2650437.0
Nifty Metal,Nifty Metal,^CNXMETAL,METALIETF.NS,2025-06-04,9.319999694824219,9.319999694824219,9.050000190734863,9.149999618530273,9.149999618530273,9389590.0
Nifty Metal,Nifty Metal,^CNXMETAL,METALIETF.NS,2025-06-05,9.40999984741211,9.40999984741211,9.109999656677246,9.210000038146973,9.210000038146973,2552408.0
Nifty Metal,Nifty Metal,^CNXMETAL,METALIETF.NS,2025-06-06,9.239999771118164,9.399999618530273,9.210000038146973,9.390000343322754,9.390000343322754,5808353.0
Nifty Metal,Nifty Metal,^CNXMETAL,METALIETF.NS,2025-06-09,9.40999984741211,9.510000228881836,9.329999923706055,9.460000038146973,9.460000038146973,3584018.0
Nifty Metal,Nifty Metal,^CNXMETAL,METALIETF.NS,2025-06-10,9.520000457763672,9.579999923706055,9.460000038146973,9.489999771118164,9.489999771118164,3897984.0
Nifty Metal,Nifty Metal,^CNXMETAL,METALIETF.NS,2025-06-11,9.479999542236328,9.5600004196167,9.460000038146973,9.460000038146973,9.460000038146973,3781748.0
Nifty Metal,Nifty Metal,^CNXMETAL,METALIETF.NS,2025-06-12,9.510000228881836,9.539999961853027,9.3100004196167,9.329999923706055,9.329999923706055,3764358.0
Nifty Metal,Nifty Metal,^CNXMETAL,METALIETF.NS,2025-06-13,9.300000190734863,9.300000190734863,9.130000114440918,9.25,9.25,3428306.0
Nifty Metal,Nifty Metal,^CNXMETAL,METALIETF.NS,2025-06-16,9.479999542236328,9.489999771118164,9.149999618530273,9.350000381469727,9.350000381469727,3082105.0
Nifty Metal,Nifty Metal,^CNXMETAL,METALIETF.NS,2025-06-17,9.109999656677246,9.399999618530273,9.109999656677246,9.210000038146973,9.210000038146973,3111624.0
Nifty Metal,Nifty Metal,^CNXMETAL,METALIETF.NS,2025-06-18,9.489999771118164,9.489999771118164,9.130000114440918,9.15999984741211,9.15999984741211,1696950.0
Nifty Metal,Nifty Metal,^CNXMETAL,METALIETF.NS,2025-06-19,9.220000267028809,9.220000267028809,9.010000228881836,9.050000190734863,9.050000190734863,2982993.0
Nifty Metal,Nifty Metal,^CNXMETAL,METALIETF.NS,2025-06-20,9.029999732971191,9.1899995803833,9.029999732971191,9.149999618530273,9.149999618530273,2446518.0
Nifty Metal,Nifty Metal,^CNXMETAL,METALIETF.NS,2025-06-23,9.149999618530273,9.239999771118164,9.069999694824219,9.1899995803833,9.1899995803833,2757969.0
Nifty Metal,Nifty Metal,^CNXMETAL,METALIETF.NS,2025-06-24,9.239999771118164,9.399999618530273,9.239999771118164,9.300000190734863,9.300000190734863,2945422.0
Nifty Metal,Nifty Metal,^CNXMETAL,METALIETF.NS,2025-06-25,9.40999984741211,9.470000267028809,9.319999694824219,9.329999923706055,9.329999923706055,1419940.0
Nifty Metal,Nifty Metal,^CNXMETAL,METALIETF.NS,2025-06-26,9.5600004196167,9.5600004196167,9.329999923706055,9.539999961853027,9.539999961853027,5227893.0
Nifty Metal,Nifty Metal,^CNXMETAL,METALIETF.NS,2025-06-27,9.770000457763672,9.770000457763672,9.489999771118164,9.579999923706055,9.579999923706055,4011314.0
Nifty Metal,Nifty Metal,^CNXMETAL,METALIETF.NS,2025-06-30,9.34000015258789,9.6899995803833,9.34000015258789,9.5600004196167,9.5600004196167,5733019.0
Nifty Metal,Nifty Metal,^CNXMETAL,METALIETF.NS,2025-07-01,9.600000381469727,9.619999885559082,9.479999542236328,9.579999923706055,9.579999923706055,3085497.0
Nifty Metal,Nifty Metal,^CNXMETAL,METALIETF.NS,2025-07-02,9.8100004196167,9.8100004196167,9.569999694824219,9.710000038146973,9.710000038146973,7573618.0
Nifty Metal,Nifty Metal,^CNXMETAL,METALIETF.NS,2025-07-03,9.800000190734863,9.800000190734863,9.630000114440918,9.640000343322754,9.640000343322754,5293945.0
Nifty Metal,Nifty Metal,^CNXMETAL,METALIETF.NS,2025-07-04,9.880000114440918,9.880000114440918,9.550000190734863,9.600000381469727,9.600000381469727,5872270.0
Nifty Metal,Nifty Metal,^CNXMETAL,METALIETF.NS,2025-07-07,9.5,9.680000305175781,9.359999656677246,9.529999732971191,9.529999732971191,2144350.0
Nifty Metal,Nifty Metal,^CNXMETAL,METALIETF.NS,2025-07-08,9.609999656677246,9.609999656677246,9.5,9.520000457763672,9.520000457763672,3843383.0
Nifty Metal,Nifty Metal,^CNXMETAL,METALIETF.NS,2025-07-09,9.59000015258789,9.59000015258789,9.279999732971191,9.399999618530273,9.399999618530273,5417713.0
Nifty Metal,Nifty Metal,^CNXMETAL,METALIETF.NS,2025-07-10,9.630000114440918,9.630000114440918,9.380000114440918,9.4399995803833,9.4399995803833,2390301.0
Nifty Metal,Nifty Metal,^CNXMETAL,METALIETF.NS,2025-07-11,9.579999923706055,9.579999923706055,9.390000343322754,9.399999618530273,9.399999618530273,1829452.0
Nifty Metal,Nifty Metal,^CNXMETAL,METALIETF.NS,2025-07-14,9.390000343322754,9.489999771118164,9.380000114440918,9.4399995803833,9.4399995803833,1752244.0
Nifty Metal,Nifty Metal,^CNXMETAL,METALIETF.NS,2025-07-15,9.489999771118164,9.600000381469727,9.369999885559082,9.430000305175781,9.430000305175781,2746941.0
Nifty Metal,Nifty Metal,^CNXMETAL,METALIETF.NS,2025-07-16,9.1899995803833,9.449999809265137,9.1899995803833,9.390000343322754,9.390000343322754,1933220.0
Nifty Metal,Nifty Metal,^CNXMETAL,METALIETF.NS,2025-07-17,9.619999885559082,9.619999885559082,9.390000343322754,9.4399995803833,9.4399995803833,1934819.0
Nifty Metal,Nifty Metal,^CNXMETAL,METALIETF.NS,2025-07-18,9.539999961853027,9.539999961853027,9.420000076293945,9.479999542236328,9.479999542236328,3424688.0
Nifty Metal,Nifty Metal,^CNXMETAL,METALIETF.NS,2025-07-21,9.699999809265137,9.699999809265137,9.4399995803833,9.569999694824219,9.569999694824219,2277646.0
Nifty Metal,Nifty Metal,^CNXMETAL,METALIETF.NS,2025-07-22,9.699999809265137,9.699999809265137,9.529999732971191,9.539999961853027,9.539999961853027,1651823.0
Nifty Metal,Nifty Metal,^CNXMETAL,METALIETF.NS,2025-07-23,9.770000457763672,9.770000457763672,9.520000457763672,9.579999923706055,9.579999923706055,2179621.0
Nifty Metal,Nifty Metal,^CNXMETAL,METALIETF.NS,2025-07-24,9.40999984741211,9.699999809265137,9.40999984741211,9.579999923706055,9.579999923706055,2904765.0
Nifty Metal,Nifty Metal,^CNXMETAL,METALIETF.NS,2025-07-25,9.579999923706055,9.619999885559082,9.40999984741211,9.430000305175781,9.430000305175781,2956289.0
Nifty Metal,Nifty Metal,^CNXMETAL,METALIETF.NS,2025-07-28,9.430000305175781,9.479999542236328,9.300000190734863,9.3100004196167,9.3100004196167,2524172.0
Nifty Metal,Nifty Metal,^CNXMETAL,METALIETF.NS,2025-07-29,9.069999694824219,9.449999809265137,9.069999694824219,9.420000076293945,9.420000076293945,1245735.0
Nifty Metal,Nifty Metal,^CNXMETAL,METALIETF.NS,2025-07-30,9.40999984741211,9.489999771118164,9.390000343322754,9.40999984741211,9.40999984741211,1467961.0
Nifty Metal,Nifty Metal,^CNXMETAL,METALIETF.NS,2025-07-31,9.350000381469727,9.40999984741211,9.239999771118164,9.289999961853027,9.289999961853027,1333530.0
Nifty Metal,Nifty Metal,^CNXMETAL,METALIETF.NS,2025-08-01,9.300000190734863,9.34000015258789,9.100000381469727,9.109999656677246,9.109999656677246,2079933.0
Nifty Metal,Nifty Metal,^CNXMETAL,METALIETF.NS,2025-08-04,9.329999923706055,9.380000114440918,9.109999656677246,9.319999694824219,9.319999694824219,3568341.0
Nifty Metal,Nifty Metal,^CNXMETAL,METALIETF.NS,2025-08-05,9.390000343322754,9.390000343322754,9.300000190734863,9.329999923706055,9.329999923706055,4170345.0
Nifty Metal,Nifty Metal,^CNXMETAL,METALIETF.NS,2025-08-06,9.369999885559082,9.380000114440918,9.260000228881836,9.300000190734863,9.300000190734863,855298.0
Nifty Metal,Nifty Metal,^CNXMETAL,METALIETF.NS,2025-08-07,9.300000190734863,9.350000381469727,9.170000076293945,9.3100004196167,9.3100004196167,2783801.0
Nifty Metal,Nifty Metal,^CNXMETAL,METALIETF.NS,2025-08-08,9.369999885559082,9.369999885559082,9.15999984741211,9.180000305175781,9.180000305175781,2107838.0
Nifty Metal,Nifty Metal,^CNXMETAL,METALIETF.NS,2025-08-11,9.1899995803833,9.25,9.149999618530273,9.229999542236328,9.229999542236328,613446.0
Nifty Metal,Nifty Metal,^CNXMETAL,METALIETF.NS,2025-08-12,9.460000038146973,9.460000038146973,9.15999984741211,9.239999771118164,9.239999771118164,1822802.0
Nifty Metal,Nifty Metal,^CNXMETAL,METALIETF.NS,2025-08-13,9.289999961853027,9.4399995803833,9.289999961853027,9.380000114440918,9.380000114440918,1758746.0
Nifty Metal,Nifty Metal,^CNXMETAL,METALIETF.NS,2025-08-14,9.140000343322754,9.420000076293945,9.140000343322754,9.260000228881836,9.260000228881836,1321307.0
Nifty Metal,Nifty Metal,^CNXMETAL,METALIETF.NS,2025-08-18,9.420000076293945,9.430000305175781,9.3100004196167,9.40999984741211,9.40999984741211,1478024.0
Nifty Metal,Nifty Metal,^CNXMETAL,METALIETF.NS,2025-08-19,9.600000381469727,9.600000381469727,8.979999542236328,9.479999542236328,9.479999542236328,2666335.0
Nifty Metal,Nifty Metal,^CNXMETAL,METALIETF.NS,2025-08-20,9.600000381469727,9.600000381469727,9.430000305175781,9.510000228881836,9.510000228881836,1753969.0
Nifty Metal,Nifty Metal,^CNXMETAL,METALIETF.NS,2025-08-21,9.600000381469727,9.600000381469727,9.5,9.510000228881836,9.510000228881836,625145.0
Nifty Metal,Nifty Metal,^CNXMETAL,METALIETF.NS,2025-08-22,9.510000228881836,9.550000190734863,9.399999618530273,9.399999618530273,9.399999618530273,932945.0
Nifty Metal,Nifty Metal,^CNXMETAL,METALIETF.NS,2025-08-25,9.510000228881836,9.520000457763672,9.199999809265137,9.460000038146973,9.460000038146973,1015503.0
Nifty Metal,Nifty Metal,^CNXMETAL,METALIETF.NS,2025-08-26,9.479999542236328,9.479999542236328,9.279999732971191,9.300000190734863,9.300000190734863,1022451.0
Nifty Metal,Nifty Metal,^CNXMETAL,METALIETF.NS,2025-08-28,9.34000015258789,9.369999885559082,9.220000267028809,9.25,9.25,3835036.0
Nifty Metal,Nifty Metal,^CNXMETAL,METALIETF.NS,2025-08-29,9.279999732971191,9.319999694824219,9.180000305175781,9.210000038146973,9.210000038146973,1513011.0
Nifty Metal,Nifty Metal,^CNXMETAL,METALIETF.NS,2025-09-01,9.239999771118164,9.380000114440918,9.210000038146973,9.359999656677246,9.359999656677246,2440087.0
Nifty Metal,Nifty Metal,^CNXMETAL,METALIETF.NS,2025-09-02,9.359999656677246,9.479999542236328,9.300000190734863,9.420000076293945,9.420000076293945,1213826.0
Nifty Metal,Nifty Metal,^CNXMETAL,METALIETF.NS,2025-09-03,9.600000381469727,9.739999771118164,9.199999809265137,9.720000267028809,9.720000267028809,18083359.0
Nifty Metal,Nifty Metal,^CNXMETAL,METALIETF.NS,2025-09-04,9.720000267028809,9.899999618530273,9.649999618530273,9.649999618530273,9.649999618530273,14808219.0
Nifty Metal,Nifty Metal,^CNXMETAL,METALIETF.NS,2025-09-05,9.869999885559082,10.199999809265137,9.319999694824219,9.729999542236328,9.729999542236328,2131754.0
Nifty Metal,Nifty Metal,^CNXMETAL,METALIETF.NS,2025-09-08,9.84000015258789,9.869999885559082,9.670000076293945,9.770000457763672,9.770000457763672,5577194.0
Nifty Metal,Nifty Metal,^CNXMETAL,METALIETF.NS,2025-09-09,10.010000228881836,10.010000228881836,9.720000267028809,9.760000228881836,9.760000228881836,1916939.0
Nifty Metal,Nifty Metal,^CNXMETAL,METALIETF.NS,2025-09-10,9.779999732971191,9.869999885559082,9.760000228881836,9.779999732971191,9.779999732971191,1924533.0
Nifty Metal,Nifty Metal,^CNXMETAL,METALIETF.NS,2025-09-11,9.779999732971191,9.890000343322754,9.760000228881836,9.829999923706055,9.829999923706055,4924012.0
Nifty Metal,Nifty Metal,^CNXMETAL,METALIETF.NS,2025-09-12,9.579999923706055,10.199999809265137,9.579999923706055,9.920000076293945,9.920000076293945,2458317.0
Nifty Metal,Nifty Metal,^CNXMETAL,METALIETF.NS,2025-09-15,10.15999984741211,10.15999984741211,9.699999809265137,9.930000305175781,9.930000305175781,3224303.0
Nifty Metal,Nifty Metal,^CNXMETAL,METALIETF.NS,2025-09-16,9.930000305175781,10.109999656677246,9.699999809265137,10.010000228881836,10.010000228881836,5209365.0
Nifty Metal,Nifty Metal,^CNXMETAL,METALIETF.NS,2025-09-17,9.800000190734863,10.199999809265137,9.75,9.960000038146973,9.960000038146973,3749531.0
Nifty Metal,Nifty Metal,^CNXMETAL,METALIETF.NS,2025-09-18,9.960000038146973,10.029999732971191,9.90999984741211,10.010000228881836,10.010000228881836,5267424.0
Nifty Metal,Nifty Metal,^CNXMETAL,METALIETF.NS,2025-09-19,10.010000228881836,10.079999923706055,9.960000038146973,10.010000228881836,10.010000228881836,4196887.0
Nifty Metal,Nifty Metal,^CNXMETAL,METALIETF.NS,2025-09-22,10.0,10.109999656677246,9.930000305175781,10.039999961853027,10.039999961853027,2959644.0
Nifty Metal,Nifty Metal,^CNXMETAL,METALIETF.NS,2025-09-23,10.180000305175781,10.449999809265137,9.9399995803833,10.180000305175781,10.180000305175781,9937450.0
Nifty Metal,Nifty Metal,^CNXMETAL,METALIETF.NS,2025-09-24,10.180000305175781,10.600000381469727,10.079999923706055,10.100000381469727,10.100000381469727,3777782.0
Nifty Metal,Nifty Metal,^CNXMETAL,METALIETF.NS,2025-09-25,10.199999809265137,10.229999542236328,10.100000381469727,10.119999885559082,10.119999885559082,3171051.0
Nifty Metal,Nifty Metal,^CNXMETAL,METALIETF.NS,2025-09-26,10.25,10.25,9.899999618530273,9.930000305175781,9.930000305175781,4535666.0
Nifty Metal,Nifty Metal,^CNXMETAL,METALIETF.NS,2025-09-29,10.020000457763672,10.050000190734863,9.949999809265137,9.970000267028809,9.970000267028809,2907694.0
Nifty Metal,Nifty Metal,^CNXMETAL,METALIETF.NS,2025-09-30,10.210000038146973,10.210000038146973,9.899999618530273,10.109999656677246,10.109999656677246,3278925.0
Nifty Metal,Nifty Metal,^CNXMETAL,METALIETF.NS,2025-10-01,9.850000381469727,10.380000114440918,9.850000381469727,10.149999618530273,10.149999618530273,5611637.0
Nifty Metal,Nifty Metal,^CNXMETAL,METALIETF.NS,2025-10-03,10.25,10.460000038146973,10.109999656677246,10.350000381469727,10.350000381469727,32821468.0
Nifty Metal,Nifty Metal,^CNXMETAL,METALIETF.NS,2025-10-06,10.350000381469727,10.4399995803833,10.1899995803833,10.229999542236328,10.229999542236328,12205863.0
Nifty Metal,Nifty Metal,^CNXMETAL,METALIETF.NS,2025-10-07,10.479999542236328,10.579999923706055,10.199999809265137,10.210000038146973,10.210000038146973,10687408.0
Nifty Metal,Nifty Metal,^CNXMETAL,METALIETF.NS,2025-10-08,10.279999732971191,10.279999732971191,10.130000114440918,10.1899995803833,10.1899995803833,4862318.0
Nifty Metal,Nifty Metal,^CNXMETAL,METALIETF.NS,2025-10-09,10.25,10.449999809265137,10.1899995803833,10.420000076293945,10.420000076293945,22541549.0
Nifty Metal,Nifty Metal,^CNXMETAL,METALIETF.NS,2025-10-10,10.420000076293945,10.460000038146973,10.270000457763672,10.319999694824219,10.319999694824219,11452751.0
Nifty Metal,Nifty Metal,^CNXMETAL,METALIETF.NS,2025-10-13,10.329999923706055,10.329999923706055,10.199999809265137,10.270000457763672,10.270000457763672,7478249.0
Nifty Metal,Nifty Metal,^CNXMETAL,METALIETF.NS,2025-10-14,10.380000114440918,10.390000343322754,10.079999923706055,10.140000343322754,10.140000343322754,28582141.0
Nifty Metal,Nifty Metal,^CNXMETAL,METALIETF.NS,2025-10-15,10.4399995803833,10.5600004196167,10.130000114440918,10.279999732971191,10.279999732971191,8342507.0
Nifty Metal,Nifty Metal,^CNXMETAL,METALIETF.NS,2025-10-16,10.319999694824219,10.350000381469727,10.25,10.34000015258789,10.34000015258789,10141608.0
Nifty Metal,Nifty Metal,^CNXMETAL,METALIETF.NS,2025-10-17,10.0,10.369999885559082,10.0,10.260000228881836,10.260000228881836,7868490.0
Nifty Metal,Nifty Metal,^CNXMETAL,METALIETF.NS,2025-10-20,10.350000381469727,10.350000381469727,10.170000076293945,10.229999542236328,10.229999542236328,6213121.0
Nifty Metal,Nifty Metal,^CNXMETAL,METALIETF.NS,2025-10-21,10.380000114440918,10.399999618530273,10.239999771118164,10.380000114440918,10.380000114440918,3733236.0
Nifty Metal,Nifty Metal,^CNXMETAL,METALIETF.NS,2025-10-23,10.430000305175781,10.4399995803833,10.260000228881836,10.279999732971191,10.279999732971191,8093425.0
Nifty Metal,Nifty Metal,^CNXMETAL,METALIETF.NS,2025-10-27,10.479999542236328,10.569999694824219,10.460000038146973,10.529999732971191,10.529999732971191,13398745.0
Nifty Metal,Nifty Metal,^CNXMETAL,METALIETF.NS,2025-10-28,10.550000190734863,10.699999809265137,10.520000457763672,10.65999984741211,10.65999984741211,23976505.0
Nifty Metal,Nifty Metal,^CNXMETAL,METALIETF.NS,2025-10-29,10.75,10.899999618530273,10.680000305175781,10.829999923706055,10.829999923706055,23756895.0
Nifty Metal,Nifty Metal,^CNXMETAL,METALIETF.NS,2025-10-30,10.829999923706055,11.050000190734863,10.640000343322754,10.779999732971191,10.779999732971191,10650971.0
Nifty Metal,Nifty Metal,^CNXMETAL,METALIETF.NS,2025-10-31,10.8100004196167,10.819999694824219,10.640000343322754,10.680000305175781,10.680000305175781,16880787.0
Nifty Metal,Nifty Metal,^CNXMETAL,METALIETF.NS,2025-11-03,10.729999542236328,10.779999732971191,10.65999984741211,10.720000267028809,10.720000267028809,9269071.0
Nifty Metal,Nifty Metal,^CNXMETAL,METALIETF.NS,2025-11-04,10.979999542236328,10.979999542236328,10.520000457763672,10.539999961853027,10.539999961853027,11492427.0
Nifty Metal,Nifty Metal,^CNXMETAL,METALIETF.NS,2025-11-06,10.789999961853027,10.859999656677246,10.270000457763672,10.329999923706055,10.329999923706055,40038621.0
Nifty Metal,Nifty Metal,^CNXMETAL,METALIETF.NS,2025-11-07,10.289999961853027,10.550000190734863,10.220000267028809,10.479999542236328,10.479999542236328,14524961.0
Nifty Metal,Nifty Metal,^CNXMETAL,METALIETF.NS,2025-11-10,10.510000228881836,10.630000114440918,10.479999542236328,10.550000190734863,10.550000190734863,17513195.0
Nifty Metal,Nifty Metal,^CNXMETAL,METALIETF.NS,2025-11-11,10.579999923706055,10.649999618530273,10.460000038146973,10.619999885559082,10.619999885559082,18491333.0
Nifty Metal,Nifty Metal,^CNXMETAL,METALIETF.NS,2025-11-12,10.630000114440918,10.710000038146973,10.59000015258789,10.600000381469727,10.600000381469727,10296837.0
Nifty Metal,Nifty Metal,^CNXMETAL,METALIETF.NS,2025-11-13,10.720000267028809,10.760000228881836,10.609999656677246,10.640000343322754,10.640000343322754,9628926.0
Nifty Metal,Nifty Metal,^CNXMETAL,METALIETF.NS,2025-11-14,10.680000305175781,10.680000305175781,10.489999771118164,10.529999732971191,10.529999732971191,7334742.0
Nifty Metal,Nifty Metal,^CNXMETAL,METALIETF.NS,2025-11-17,10.529999732971191,10.630000114440918,10.5,10.5600004196167,10.5600004196167,5242479.0
Nifty Metal,Nifty Metal,^CNXMETAL,METALIETF.NS,2025-11-18,10.5600004196167,10.760000228881836,10.369999885559082,10.4399995803833,10.4399995803833,10620141.0
Nifty Metal,Nifty Metal,^CNXMETAL,METALIETF.NS,2025-11-19,10.4399995803833,10.470000267028809,10.399999618530273,10.420000076293945,10.420000076293945,9024489.0
Nifty Metal,Nifty Metal,^CNXMETAL,METALIETF.NS,2025-11-20,10.420000076293945,10.520000457763672,10.40999984741211,10.420000076293945,10.420000076293945,7339714.0
Nifty Metal,Nifty Metal,^CNXMETAL,METALIETF.NS,2025-11-21,10.5,10.5,10.149999618530273,10.180000305175781,10.180000305175781,10961572.0
Nifty Metal,Nifty Metal,^CNXMETAL,METALIETF.NS,2025-11-24,10.220000267028809,10.270000457763672,10.039999961853027,10.0600004196167,10.0600004196167,5623601.0
Nifty Metal,Nifty Metal,^CNXMETAL,METALIETF.NS,2025-11-25,10.25,10.25,10.0600004196167,10.119999885559082,10.119999885559082,6126371.0
Nifty Metal,Nifty Metal,^CNXMETAL,METALIETF.NS,2025-11-26,10.130000114440918,10.34000015258789,10.130000114440918,10.319999694824219,10.319999694824219,6300276.0
Nifty Metal,Nifty Metal,^CNXMETAL,METALIETF.NS,2025-11-27,10.40999984741211,10.4399995803833,10.25,10.319999694824219,10.319999694824219,11242344.0
Nifty Metal,Nifty Metal,^CNXMETAL,METALIETF.NS,2025-11-28,10.630000114440918,10.630000114440918,10.300000190734863,10.34000015258789,10.34000015258789,4876176.0
Nifty Metal,Nifty Metal,^CNXMETAL,METALIETF.NS,2025-12-01,10.59000015258789,10.59000015258789,10.350000381469727,10.399999618530273,10.399999618530273,13236202.0
Nifty Metal,Nifty Metal,^CNXMETAL,METALIETF.NS,2025-12-02,10.630000114440918,10.630000114440918,10.329999923706055,10.359999656677246,10.359999656677246,5367329.0
Nifty Metal,Nifty Metal,^CNXMETAL,METALIETF.NS,2025-12-03,10.399999618530273,10.399999618530273,10.220000267028809,10.289999961853027,10.289999961853027,7524667.0
Nifty Metal,Nifty Metal,^CNXMETAL,METALIETF.NS,2025-12-04,10.350000381469727,10.420000076293945,10.300000190734863,10.3100004196167,10.3100004196167,10288156.0
Nifty Metal,Nifty Metal,^CNXMETAL,METALIETF.NS,2025-12-05,10.420000076293945,10.420000076293945,10.210000038146973,10.380000114440918,10.380000114440918,4701547.0
Nifty Metal,Nifty Metal,^CNXMETAL,METALIETF.NS,2025-12-08,10.380000114440918,10.4399995803833,10.149999618530273,10.180000305175781,10.180000305175781,12236622.0
Nifty Metal,Nifty Metal,^CNXMETAL,METALIETF.NS,2025-12-09,10.430000305175781,10.430000305175781,10.0,10.149999618530273,10.149999618530273,8042754.0
Nifty Metal,Nifty Metal,^CNXMETAL,METALIETF.NS,2025-12-10,10.399999618530273,10.539999961853027,10.079999923706055,10.199999809265137,10.199999809265137,5850035.0
Nifty Metal,Nifty Metal,^CNXMETAL,METALIETF.NS,2025-12-11,10.199999809265137,10.34000015258789,10.199999809265137,10.319999694824219,10.319999694824219,9743127.0
Nifty Metal,Nifty Metal,^CNXMETAL,METALIETF.NS,2025-12-12,10.569999694824219,10.609999656677246,10.319999694824219,10.579999923706055,10.579999923706055,15194787.0
Nifty Metal,Nifty Metal,^CNXMETAL,METALIETF.NS,2025-12-15,10.619999885559082,10.640000343322754,10.510000228881836,10.600000381469727,10.600000381469727,9424081.0
Nifty Metal,Nifty Metal,^CNXMETAL,METALIETF.NS,2025-12-16,10.600000381469727,10.6899995803833,10.430000305175781,10.510000228881836,10.510000228881836,13526673.0
Nifty Metal,Nifty Metal,^CNXMETAL,METALIETF.NS,2025-12-17,10.770000457763672,10.770000457763672,10.5,10.529999732971191,10.529999732971191,5891961.0
Nifty Metal,Nifty Metal,^CNXMETAL,METALIETF.NS,2025-12-18,10.5600004196167,10.630000114440918,10.470000267028809,10.539999961853027,10.539999961853027,6445969.0
Nifty Metal,Nifty Metal,^CNXMETAL,METALIETF.NS,2025-12-19,10.558799743652344,10.558799743652344,10.558799743652344,10.558799743652344,10.558799743652344,0.0
Nifty Metal,Nifty Metal,^CNXMETAL,METALIETF.NS,2025-12-22,10.569999694824219,10.789999961853027,10.569999694824219,10.710000038146973,10.710000038146973,55027712.0
Nifty Metal,Nifty Metal,^CNXMETAL,METALIETF.NS,2025-12-23,10.710000038146973,10.970000267028809,10.710000038146973,10.770000457763672,10.770000457763672,17192381.0
Nifty Metal,Nifty Metal,^CNXMETAL,METALIETF.NS,2025-12-24,11.029999732971191,11.029999732971191,10.739999771118164,10.770000457763672,10.770000457763672,38407107.0
Nifty Metal,Nifty Metal,^CNXMETAL,METALIETF.NS,2025-12-26,11.029999732971191,11.029999732971191,10.779999732971191,10.850000381469727,10.850000381469727,11286818.0
Nifty Metal,Nifty Metal,^CNXMETAL,METALIETF.NS,2025-12-29,11.09000015258789,11.09000015258789,10.3100004196167,10.829999923706055,10.829999923706055,54138869.0
Nifty Metal,Nifty Metal,^CNXMETAL,METALIETF.NS,2025-12-30,11.100000381469727,11.109999656677246,10.8100004196167,11.0600004196167,11.0600004196167,48879006.0
Nifty Metal,Nifty Metal,^CNXMETAL,METALIETF.NS,2025-12-31,11.329999923706055,11.329999923706055,11.079999923706055,11.229999542236328,11.229999542236328,70203437.0
Nifty Metal,Nifty Metal,^CNXMETAL,METALIETF.NS,2026-01-01,11.4399995803833,11.4399995803833,11.199999809265137,11.3100004196167,11.3100004196167,25582609.0
Nifty Metal,Nifty Metal,^CNXMETAL,METALIETF.NS,2026-01-02,11.59000015258789,11.75,11.319999694824219,11.479999542236328,11.479999542236328,50829500.0
Nifty Metal,Nifty Metal,^CNXMETAL,METALIETF.NS,2026-01-05,11.760000228881836,11.779999732971191,11.470000267028809,11.550000190734863,11.550000190734863,43747346.0
Nifty Metal,Nifty Metal,^CNXMETAL,METALIETF.NS,2026-01-06,11.829999923706055,11.960000038146973,11.520000457763672,11.579999923706055,11.579999923706055,51144078.0
Nifty Metal,Nifty Metal,^CNXMETAL,METALIETF.NS,2026-01-07,11.550000190734863,11.859999656677246,11.550000190734863,11.579999923706055,11.579999923706055,25586979.0
Nifty Metal,Nifty Metal,^CNXMETAL,METALIETF.NS,2026-01-08,11.579999923706055,11.859999656677246,11.119999885559082,11.170000076293945,11.170000076293945,41641162.0
Nifty Metal,Nifty Metal,^CNXMETAL,METALIETF.NS,2026-01-09,11.4399995803833,11.4399995803833,11.0600004196167,11.130000114440918,11.130000114440918,61457260.0
Nifty Metal,Nifty Metal,^CNXMETAL,METALIETF.NS,2026-01-12,11.399999618530273,11.399999618530273,11.09000015258789,11.369999885559082,11.369999885559082,29397701.0
Nifty Metal,Nifty Metal,^CNXMETAL,METALIETF.NS,2026-01-13,11.279999732971191,11.569999694824219,11.079999923706055,11.40999984741211,11.40999984741211,20937935.0
Nifty Metal,Nifty Metal,^CNXMETAL,METALIETF.NS,2026-01-14,11.119999885559082,11.770000457763672,11.119999885559082,11.720000267028809,11.720000267028809,41431696.0
Nifty Metal,Nifty Metal,^CNXMETAL,METALIETF.NS,2026-01-15,11.720000267028809,11.720000267028809,11.720000267028809,11.720000267028809,11.720000267028809,0.0
Nifty Metal,Nifty Metal,^CNXMETAL,METALIETF.NS,2026-01-16,12.010000228881836,12.079999923706055,11.420000076293945,11.649999618530273,11.649999618530273,41529688.0
Nifty Metal,Nifty Metal,^CNXMETAL,METALIETF.NS,2026-01-19,11.850000381469727,11.850000381469727,11.609999656677246,11.649999618530273,11.649999618530273,30248419.0
Nifty Metal,Nifty Metal,^CNXMETAL,METALIETF.NS,2026-01-20,11.9399995803833,11.9399995803833,11.199999809265137,11.40999984741211,11.40999984741211,41005805.0
Nifty Metal,Nifty Metal,^CNXMETAL,METALIETF.NS,2026-01-21,11.449999809265137,11.5600004196167,11.119999885559082,11.5,11.5,31858528.0
Nifty Metal,Nifty Metal,^CNXMETAL,METALIETF.NS,2026-01-22,11.779999732971191,11.779999732971191,11.489999771118164,11.600000381469727,11.600000381469727,26025175.0
Nifty Metal,Nifty Metal,^CNXMETAL,METALIETF.NS,2026-01-23,11.890000343322754,11.949999809265137,11.5,11.520000457763672,11.520000457763672,25899729.0
Nifty Metal,Nifty Metal,^CNXMETAL,METALIETF.NS,2026-01-27,11.800000190734863,12.079999923706055,11.529999732971191,11.890000343322754,11.890000343322754,31115907.0
Nifty Metal,Nifty Metal,^CNXMETAL,METALIETF.NS,2026-01-28,12.180000305175781,12.649999618530273,11.890000343322754,12.180000305175781,12.180000305175781,67211627.0
Nifty Metal,Nifty Metal,^CNXMETAL,METALIETF.NS,2026-01-29,12.479999542236328,12.6899995803833,12.0600004196167,12.5600004196167,12.5600004196167,84601879.0
Nifty Metal,Nifty Metal,^CNXMETAL,METALIETF.NS,2026-01-30,12.529999732971191,12.529999732971191,11.800000190734863,11.850000381469727,11.850000381469727,74117511.0
Nifty Metal,Nifty Metal,^CNXMETAL,METALIETF.NS,2026-02-02,11.5600004196167,11.800000190734863,11.180000305175781,11.640000343322754,11.640000343322754,31270637.0
Nifty Metal,Nifty Metal,^CNXMETAL,METALIETF.NS,2026-02-03,12.100000381469727,12.5,11.779999732971191,11.9399995803833,11.9399995803833,31437185.0
Nifty Metal,Nifty Metal,^CNXMETAL,METALIETF.NS,2026-02-04,12.229999542236328,12.5,11.989999771118164,12.050000190734863,12.050000190734863,19805374.0
Nifty Metal,Nifty Metal,^CNXMETAL,METALIETF.NS,2026-02-05,12.350000381469727,12.350000381469727,11.770000457763672,11.960000038146973,11.960000038146973,17841424.0
Nifty Metal,Nifty Metal,^CNXMETAL,METALIETF.NS,2026-02-06,11.960000038146973,12.25,11.789999961853027,11.970000267028809,11.970000267028809,13986123.0
Nifty Metal,Nifty Metal,^CNXMETAL,METALIETF.NS,2026-02-09,12.260000228881836,12.5,12.020000457763672,12.149999618530273,12.149999618530273,43584385.0
Nifty Metal,Nifty Metal,^CNXMETAL,METALIETF.NS,2026-02-10,12.449999809265137,12.449999809265137,12.140000343322754,12.279999732971191,12.279999732971191,18877595.0
Nifty Metal,Nifty Metal,^CNXMETAL,METALIETF.NS,2026-02-11,11.970000267028809,12.5,11.970000267028809,12.300000190734863,12.300000190734863,16387539.0
Nifty Metal,Nifty Metal,^CNXMETAL,METALIETF.NS,2026-02-12,12.5,12.5,11.989999771118164,12.300000190734863,12.300000190734863,13579793.0
Nifty Metal,Nifty Metal,^CNXMETAL,METALIETF.NS,2026-02-13,12.600000381469727,12.600000381469727,11.15999984741211,11.949999809265137,11.949999809265137,20865179.0
Nifty Metal,Nifty Metal,^CNXMETAL,METALIETF.NS,2026-02-16,12.239999771118164,12.239999771118164,11.850000381469727,11.979999542236328,11.979999542236328,10940583.0
Nifty Metal,Nifty Metal,^CNXMETAL,METALIETF.NS,2026-02-17,11.899999618530273,12.300000190734863,11.760000228881836,11.850000381469727,11.850000381469727,20159356.0
Nifty Metal,Nifty Metal,^CNXMETAL,METALIETF.NS,2026-02-18,11.84000015258789,12.140000343322754,11.84000015258789,12.039999961853027,12.039999961853027,16037123.0
Nifty Metal,Nifty Metal,^CNXMETAL,METALIETF.NS,2026-02-19,11.75,12.300000190734863,11.75,11.890000343322754,11.890000343322754,10132775.0
Nifty Metal,Nifty Metal,^CNXMETAL,METALIETF.NS,2026-02-20,12.180000305175781,12.180000305175781,11.600000381469727,12.010000228881836,12.010000228881836,10317480.0
Nifty Metal,Nifty Metal,^CNXMETAL,METALIETF.NS,2026-02-23,12.010000228881836,12.300000190734863,11.930000305175781,11.989999771118164,11.989999771118164,11972976.0
Nifty Metal,Nifty Metal,^CNXMETAL,METALIETF.NS,2026-02-24,11.6899995803833,12.199999809265137,11.6899995803833,12.109999656677246,12.109999656677246,14054612.0
Nifty Metal,Nifty Metal,^CNXMETAL,METALIETF.NS,2026-02-25,11.800000190734863,12.460000038146973,11.800000190734863,12.430000305175781,12.430000305175781,28201654.0
Nifty Metal,Nifty Metal,^CNXMETAL,METALIETF.NS,2026-02-26,12.109999656677246,12.739999771118164,12.100000381469727,12.470000267028809,12.470000267028809,13556313.0
Nifty Metal,Nifty Metal,^CNXMETAL,METALIETF.NS,2026-02-27,12.600000381469727,12.600000381469727,12.260000228881836,12.300000190734863,12.300000190734863,15127584.0
Nifty Metal,Nifty Metal,^CNXMETAL,METALIETF.NS,2026-03-02,12.600000381469727,12.600000381469727,12.029999732971191,12.3100004196167,12.3100004196167,23532034.0
Nifty Metal,Nifty Metal,^CNXMETAL,METALIETF.NS,2026-03-04,12.0,12.609999656677246,11.729999542236328,11.829999923706055,11.829999923706055,27830435.0
Nifty Metal,Nifty Metal,^CNXMETAL,METALIETF.NS,2026-03-05,12.050000190734863,12.229999542236328,11.869999885559082,12.109999656677246,12.109999656677246,14714265.0
Nifty Metal,Nifty Metal,^CNXMETAL,METALIETF.NS,2026-03-06,12.289999961853027,12.289999961853027,12.0,12.050000190734863,12.050000190734863,9911575.0
Nifty Metal,Nifty Metal,^CNXMETAL,METALIETF.NS,2026-03-09,12.050000190734863,12.050000190734863,11.579999923706055,11.739999771118164,11.739999771118164,18419536.0
Nifty Metal,Nifty Metal,^CNXMETAL,METALIETF.NS,2026-03-10,11.739999771118164,12.0,11.4399995803833,11.90999984741211,11.90999984741211,11383179.0
Nifty Metal,Nifty Metal,^CNXMETAL,METALIETF.NS,2026-03-11,12.199999809265137,12.199999809265137,11.8100004196167,11.859999656677246,11.859999656677246,10642405.0
Nifty Metal,Nifty Metal,^CNXMETAL,METALIETF.NS,2026-03-12,11.859999656677246,12.100000381469727,11.630000114440918,11.890000343322754,11.890000343322754,11055034.0
Nifty Metal,Nifty Metal,^CNXMETAL,METALIETF.NS,2026-03-13,11.869999885559082,11.899999618530273,11.3100004196167,11.34000015258789,11.34000015258789,23417253.0
Nifty Metal,Nifty Metal,^CNXMETAL,METALIETF.NS,2026-03-16,11.050000190734863,11.619999885559082,10.0,11.34000015258789,11.34000015258789,15138930.0
Nifty Metal,Nifty Metal,^CNXMETAL,METALIETF.NS,2026-03-17,11.149999618530273,11.6899995803833,11.149999618530273,11.670000076293945,11.670000076293945,12499672.0
Nifty Metal,Nifty Metal,^CNXMETAL,METALIETF.NS,2026-03-18,11.960000038146973,11.960000038146973,11.550000190734863,11.65999984741211,11.65999984741211,7713034.0
Nifty Metal,Nifty Metal,^CNXMETAL,METALIETF.NS,2026-03-19,11.65999984741211,11.65999984741211,11.270000457763672,11.420000076293945,11.420000076293945,14834569.0
Nifty Metal,Nifty Metal,^CNXMETAL,METALIETF.NS,2026-03-20,12.199999809265137,12.199999809265137,11.420000076293945,11.470000267028809,11.470000267028809,7902939.0
Nifty Metal,Nifty Metal,^CNXMETAL,METALIETF.NS,2026-03-23,11.180000305175781,11.470000267028809,10.850000381469727,10.880000114440918,10.880000114440918,19701502.0
Nifty Metal,Nifty Metal,^CNXMETAL,METALIETF.NS,2026-03-24,11.199999809265137,11.199999809265137,10.930000305175781,11.09000015258789,11.09000015258789,9537662.0
Nifty Metal,Nifty Metal,^CNXMETAL,METALIETF.NS,2026-03-25,11.359999656677246,11.40999984741211,11.149999618530273,11.380000114440918,11.380000114440918,9858534.0
Nifty Metal,Nifty Metal,^CNXMETAL,METALIETF.NS,2026-03-27,11.380000114440918,11.380000114440918,11.170000076293945,11.220000267028809,11.220000267028809,7974608.0
Nifty Metal,Nifty Metal,^CNXMETAL,METALIETF.NS,2026-03-30,11.5,11.5,11.0,11.1899995803833,11.1899995803833,11873429.0
Nifty Metal,Nifty Metal,^CNXMETAL,METALIETF.NS,2026-04-01,11.260000228881836,11.630000114440918,11.260000228881836,11.460000038146973,11.460000038146973,10768002.0
Nifty Metal,Nifty Metal,^CNXMETAL,METALIETF.NS,2026-04-02,11.460000038146973,11.760000228881836,11.149999618530273,11.539999961853027,11.539999961853027,11174048.0
Nifty Metal,Nifty Metal,^CNXMETAL,METALIETF.NS,2026-04-06,11.539999961853027,11.6899995803833,11.25,11.630000114440918,11.630000114440918,11849143.0
Nifty Metal,Nifty Metal,^CNXMETAL,METALIETF.NS,2026-04-07,11.329999923706055,11.850000381469727,11.329999923706055,11.8100004196167,11.8100004196167,10248867.0
Nifty Metal,Nifty Metal,^CNXMETAL,METALIETF.NS,2026-04-08,11.899999618530273,12.180000305175781,11.869999885559082,12.119999885559082,12.119999885559082,16846261.0
Nifty Metal,Nifty Metal,^CNXMETAL,METALIETF.NS,2026-04-09,12.130000114440918,12.329999923706055,12.079999923706055,12.289999961853027,12.289999961853027,17810828.0
Nifty Metal,Nifty Metal,^CNXMETAL,METALIETF.NS,2026-04-10,12.289999961853027,12.479999542236328,12.25,12.399999618530273,12.399999618530273,14068306.0
Nifty Metal,Nifty Metal,^CNXMETAL,METALIETF.NS,2026-04-13,12.399999618530273,12.430000305175781,12.0,12.380000114440918,12.380000114440918,12758587.0
Nifty Metal,Nifty Metal,^CNXMETAL,METALIETF.NS,2026-04-15,12.40999984741211,12.739999771118164,12.40999984741211,12.609999656677246,12.609999656677246,14815880.0
Nifty Metal,Nifty Metal,^CNXMETAL,METALIETF.NS,2026-04-16,12.789999961853027,12.869999885559082,12.619999885559082,12.829999923706055,12.829999923706055,17465366.0
Nifty Metal,Nifty Metal,^CNXMETAL,METALIETF.NS,2026-04-17,12.890000343322754,12.989999771118164,12.710000038146973,12.960000038146973,12.960000038146973,22076885.0
Nifty Metal,Nifty Metal,^CNXMETAL,METALIETF.NS,2026-04-20,13.279999732971191,13.279999732971191,12.779999732971191,12.90999984741211,12.90999984741211,11626070.0
Nifty Metal,Nifty Metal,^CNXMETAL,METALIETF.NS,2026-04-21,13.229999542236328,13.229999542236328,12.869999885559082,12.890000343322754,12.890000343322754,8847152.0
Nifty Metal,Nifty Metal,^CNXMETAL,METALIETF.NS,2026-04-22,13.0,13.0,12.869999885559082,12.9399995803833,12.9399995803833,6600514.0
Nifty Metal,Nifty Metal,^CNXMETAL,METALIETF.NS,2026-04-23,12.609999656677246,13.119999885559082,12.609999656677246,12.829999923706055,12.829999923706055,11190534.0
Nifty Metal,Nifty Metal,^CNXMETAL,METALIETF.NS,2026-04-24,12.9399995803833,12.9399995803833,12.619999885559082,12.789999961853027,12.789999961853027,13367739.0
Nifty Metal,Nifty Metal,^CNXMETAL,METALIETF.NS,2026-04-27,12.470000267028809,13.09000015258789,12.470000267028809,13.039999961853027,13.039999961853027,12408724.0
Nifty Metal,Nifty Metal,^CNXMETAL,METALIETF.NS,2026-04-28,13.359999656677246,13.359999656677246,12.8100004196167,13.09000015258789,13.09000015258789,10744633.0
Nifty Metal,Nifty Metal,^CNXMETAL,METALIETF.NS,2026-04-29,13.270000457763672,13.270000457763672,12.9399995803833,13.170000076293945,13.170000076293945,9962319.0
Nifty Metal,Nifty Metal,^CNXMETAL,METALIETF.NS,2026-04-30,12.84000015258789,13.270000457763672,12.649999618530273,12.800000190734863,12.800000190734863,21782646.0
Nifty Metal,Nifty Metal,^CNXMETAL,METALIETF.NS,2026-05-01,12.800000190734863,12.800000190734863,12.800000190734863,12.800000190734863,12.800000190734863,0.0
Nifty Metal,Nifty Metal,^CNXMETAL,METALIETF.NS,2026-05-04,13.119999885559082,13.119999885559082,12.930000305175781,13.0600004196167,13.0600004196167,11298975.0
Nifty Metal,Nifty Metal,^CNXMETAL,METALIETF.NS,2026-05-05,13.180000305175781,13.180000305175781,12.9399995803833,13.0600004196167,13.0600004196167,9393872.0
Nifty Metal,Nifty Metal,^CNXMETAL,METALIETF.NS,2026-05-06,13.289999961853027,13.34000015258789,13.020000457763672,13.220000267028809,13.220000267028809,9634569.0
Nifty Metal,Nifty Metal,^CNXMETAL,METALIETF.NS,2026-05-07,13.390000343322754,13.390000343322754,13.229999542236328,13.239999771118164,13.239999771118164,7553302.0
Nifty Metal,Nifty Metal,^CNXMETAL,METALIETF.NS,2026-05-08,12.899999618530273,13.34000015258789,12.899999618530273,13.149999618530273,13.149999618530273,7394408.0
Nifty Metal,Nifty Metal,^CNXMETAL,METALIETF.NS,2026-05-11,13.149999618530273,13.199999809265137,12.819999694824219,12.979999542236328,12.979999542236328,11742480.0
Nifty Metal,Nifty Metal,^CNXMETAL,METALIETF.NS,2026-05-12,12.979999542236328,13.399999618530273,12.930000305175781,12.970000267028809,12.970000267028809,11506709.0
Nifty Metal,Nifty Metal,^CNXMETAL,METALIETF.NS,2026-05-13,12.970000267028809,13.4399995803833,12.899999618530273,13.390000343322754,13.390000343322754,16196793.0
Nifty Metal,Nifty Metal,^CNXMETAL,METALIETF.NS,2026-05-14,13.720000267028809,13.720000267028809,13.390000343322754,13.65999984741211,13.65999984741211,18874241.0
Nifty Metal,Nifty Metal,^CNXMETAL,METALIETF.NS,2026-05-15,13.989999771118164,13.989999771118164,13.350000381469727,13.380000114440918,13.380000114440918,18583436.0
Nifty Metal,Nifty Metal,^CNXMETAL,METALIETF.NS,2026-05-18,13.4399995803833,13.4399995803833,13.039999961853027,13.25,13.25,14676519.0
Nifty Metal,Nifty Metal,^CNXMETAL,METALIETF.NS,2026-05-19,13.380000114440918,13.380000114440918,13.199999809265137,13.239999771118164,13.239999771118164,8417613.0
Nifty Metal,Nifty Metal,^CNXMETAL,METALIETF.NS,2026-05-20,13.380000114440918,13.380000114440918,13.09000015258789,13.260000228881836,13.260000228881836,7215700.0
Nifty Metal,Nifty Metal,^CNXMETAL,METALIETF.NS,2026-05-21,13.489999771118164,13.489999771118164,13.260000228881836,13.300000190734863,13.300000190734863,5055456.0
Nifty Metal,Nifty Metal,^CNXMETAL,METALIETF.NS,2026-05-22,13.380000114440918,13.380000114440918,13.260000228881836,13.329999923706055,13.329999923706055,5558909.0
Nifty Metal,Nifty Metal,^CNXMETAL,METALIETF.NS,2026-05-25,13.329999923706055,13.489999771118164,13.3100004196167,13.390000343322754,13.390000343322754,5974857.0
Nifty Metal,Nifty Metal,^CNXMETAL,METALIETF.NS,2026-05-26,13.390000343322754,13.569999694824219,13.359999656677246,13.539999961853027,13.539999961853027,9489359.0
Nifty Metal,Nifty Metal,^CNXMETAL,METALIETF.NS,2026-05-27,13.869999885559082,13.949999809265137,13.550000190734863,13.8100004196167,13.8100004196167,29031750.0
Nifty Metal,Nifty Metal,^CNXMETAL,METALIETF.NS,2026-05-28,13.8100004196167,13.8100004196167,13.8100004196167,13.8100004196167,13.8100004196167,0.0
Nifty Metal,Nifty Metal,^CNXMETAL,METALIETF.NS,2026-05-29,14.100000381469727,14.100000381469727,13.449999809265137,13.479999542236328,13.479999542236328,31826409.0
Nifty Metal,Nifty Metal,^CNXMETAL,METALIETF.NS,2026-06-01,13.5,13.6899995803833,13.479999542236328,13.5600004196167,13.5600004196167,9810008.0
Nifty Metal,Nifty Metal,^CNXMETAL,METALIETF.NS,2026-06-02,13.5600004196167,13.720000267028809,13.510000228881836,13.619999885559082,13.619999885559082,10542141.0
Nifty Metal,Nifty Metal,^CNXMETAL,METALIETF.NS,2026-06-03,13.960000038146973,13.960000038146973,13.239999771118164,13.619999885559082,13.619999885559082,5625705.0
Nifty Metal,Nifty Metal,^CNXMETAL,METALIETF.NS,2026-06-04,13.890000343322754,14.170000076293945,13.300000190734863,13.5,13.5,7382796.0
Nifty Metal,Nifty Metal,^CNXMETAL,METALIETF.NS,2026-06-05,13.680000305175781,13.680000305175781,13.220000267028809,13.3100004196167,13.3100004196167,18002112.0
Nifty Metal,Nifty Metal,^CNXMETAL,METALIETF.NS,2026-06-08,12.970000267028809,13.289999961853027,12.90999984741211,12.989999771118164,12.989999771118164,14812576.0
Nifty Metal,Nifty Metal,^CNXMETAL,METALIETF.NS,2026-06-09,13.3100004196167,13.3100004196167,12.109999656677246,13.079999923706055,13.079999923706055,23476356.0
Nifty Metal,Nifty Metal,^CNXMETAL,METALIETF.NS,2026-06-10,13.380000114440918,13.380000114440918,12.789999961853027,12.800000190734863,12.800000190734863,13812377.0
Nifty Metal,Nifty Metal,^CNXMETAL,METALIETF.NS,2026-06-11,12.989999771118164,12.989999771118164,12.670000076293945,12.779999732971191,12.779999732971191,8048235.0
Nifty Metal,Nifty Metal,^CNXMETAL,METALIETF.NS,2026-06-12,13.09000015258789,13.09000015258789,12.84000015258789,12.949999809265137,12.949999809265137,6326343.0
Nifty Metal,Nifty Metal,^CNXMETAL,METALIETF.NS,2026-06-15,13.270000457763672,13.369999885559082,13.029999732971191,13.220000267028809,13.220000267028809,8108494.0
Nifty Metal,Nifty Metal,^CNXMETAL,METALIETF.NS,2026-06-16,12.880000114440918,13.4399995803833,12.880000114440918,13.0,13.0,10286042.0
Nifty Metal,Nifty Metal,^CNXMETAL,METALIETF.NS,2026-06-17,13.180000305175781,13.180000305175781,12.819999694824219,13.09000015258789,13.09000015258789,10534589.0
Nifty Metal,Nifty Metal,^CNXMETAL,METALIETF.NS,2026-06-18,13.09000015258789,13.40999984741211,12.960000038146973,13.069999694824219,13.069999694824219,8421657.0
Nifty Metal,Nifty Metal,^CNXMETAL,METALIETF.NS,2026-06-19,12.960000038146973,13.180000305175781,12.819999694824219,13.100000381469727,13.100000381469727,7032521.0
Nifty Metal,Nifty Metal,^CNXMETAL,METALIETF.NS,2026-06-22,13.100000381469727,13.1899995803833,13.069999694824219,13.119999885559082,13.119999885559082,7881017.0
Nifty Metal,Nifty Metal,^CNXMETAL,METALIETF.NS,2026-06-23,13.119999885559082,13.180000305175781,12.65999984741211,12.739999771118164,12.739999771118164,14360637.0
Nifty Metal,Nifty Metal,^CNXMETAL,METALIETF.NS,2026-06-24,12.739999771118164,12.819999694824219,12.5600004196167,12.670000076293945,12.670000076293945,8276136.0
Nifty Metal,Nifty Metal,^CNXMETAL,METALIETF.NS,2026-06-25,12.880000114440918,12.880000114440918,12.470000267028809,12.479999542236328,12.479999542236328,32336786.0
Nifty Metal,Nifty Metal,^CNXMETAL,METALIETF.NS,2026-06-26,12.479999542236328,12.479999542236328,12.479999542236328,12.479999542236328,12.479999542236328,0.0
Nifty Metal,Nifty Metal,^CNXMETAL,METALIETF.NS,2026-06-29,12.6899995803833,12.6899995803833,12.470000267028809,12.59000015258789,12.59000015258789,8647136.0
Nifty Metal,Nifty Metal,^CNXMETAL,METALIETF.NS,2026-06-30,12.739999771118164,12.739999771118164,12.5,12.5600004196167,12.5600004196167,7584479.0
Nifty Metal,Nifty Metal,^CNXMETAL,METALIETF.NS,2026-07-01,12.739999771118164,12.739999771118164,12.420000076293945,12.430000305175781,12.430000305175781,16900791.0
Nifty Metal,Nifty Metal,^CNXMETAL,METALIETF.NS,2026-07-02,12.109999656677246,12.739999771118164,12.109999656677246,12.529999732971191,12.529999732971191,8776465.0
Nifty Metal,Nifty Metal,^CNXMETAL,METALIETF.NS,2026-07-03,12.84000015258789,12.84000015258789,12.550000190734863,12.65999984741211,12.65999984741211,7538979.0
Nifty Metal,Nifty Metal,^CNXMETAL,METALIETF.NS,2026-07-06,12.789999961853027,12.789999961853027,12.630000114440918,12.760000228881836,12.760000228881836,9790366.0
Nifty Metal,Nifty Metal,^CNXMETAL,METALIETF.NS,2026-07-07,13.0,13.0,12.609999656677246,12.640000343322754,12.640000343322754,12942779.0
Nifty Metal,Nifty Metal,^CNXMETAL,METALIETF.NS,2026-07-08,12.319999694824219,12.729999542236328,12.319999694824219,12.510000228881836,12.510000228881836,14934381.0
Nifty Metal,Nifty Metal,^CNXMETAL,METALIETF.NS,2026-07-09,12.819999694824219,12.819999694824219,12.319999694824219,12.550000190734863,12.550000190734863,4249616.0
Nifty Metal,Nifty Metal,^CNXMETAL,METALIETF.NS,2026-07-10,12.779999732971191,12.890000343322754,12.5600004196167,12.75,12.75,12286569.0
Nifty Metal,Nifty Metal,^CNXMETAL,METALIETF.NS,2026-07-13,13.0600004196167,13.0600004196167,12.430000305175781,12.680000305175781,12.680000305175781,5249538.0
Nifty Metal,Nifty Metal,^CNXMETAL,METALIETF.NS,2026-07-14,12.930000305175781,12.930000305175781,12.670000076293945,12.770000457763672,12.770000457763672,6649459.0
Nifty Metal,Nifty Metal,^CNXMETAL,METALIETF.NS,2026-07-15,12.930000305175781,12.930000305175781,12.630000114440918,12.640000343322754,12.640000343322754,4656740.0
Nifty Metal,Nifty Metal,^CNXMETAL,METALIETF.NS,2026-07-16,12.819999694824219,12.819999694824219,12.550000190734863,12.5600004196167,12.5600004196167,10626138.0
Nifty Metal,Nifty Metal,^CNXMETAL,METALIETF.NS,2026-07-17,12.5600004196167,12.680000305175781,12.40999984741211,12.5,12.5,6431705.0
Nifty Metal,Nifty Metal,^CNXMETAL,METALIETF.NS,2026-07-20,12.609999656677246,12.670000076293945,12.510000228881836,12.619999885559082,12.619999885559082,6073104.0
Nifty Metal,Nifty Metal,^CNXMETAL,METALIETF.NS,2026-07-21,12.680000305175781,12.75,12.600000381469727,12.720000267028809,12.720000267028809,8632947.0
Nifty Metal,Nifty Metal,^CNXMETAL,METALIETF.NS,2026-07-22,12.880000114440918,12.880000114440918,12.600000381469727,12.65999984741211,12.65999984741211,12042969.0
Nifty Metal,Nifty Metal,^CNXMETAL,METALIETF.NS,2026-07-23,12.949999809265137,12.949999809265137,12.520000457763672,12.569999694824219,12.569999694824219,4558946.0
Nifty Metal,Nifty Metal,^CNXMETAL,METALIETF.NS,2026-07-24,12.880000114440918,12.880000114440918,12.380000114440918,12.5,12.5,6889044.0
Nifty Metal,Nifty Metal,^CNXMETAL,METALIETF.NS,2026-07-27,12.510000228881836,12.739999771118164,12.489999771118164,12.539999961853027,12.539999961853027,8121000.0
Nifty Metal,Nifty Metal,^CNXMETAL,METALIETF.NS,2026-07-28,12.680000305175781,12.680000305175781,12.449999809265137,12.460000038146973,12.460000038146973,5227420.0
Nifty Metal,Nifty Metal,^CNXMETAL,METALIETF.NS,2026-07-29,12.460000038146973,12.789999961853027,12.460000038146973,12.75,12.75,7932541.0
Nifty Metal,Nifty Metal,^CNXMETAL,METALIETF.NS,2026-07-30,12.75,12.930000305175781,12.640000343322754,12.770000457763672,12.770000457763672,4126035.0
Nifty Metal,Nifty Metal,^CNXMETAL,METALIETF.NS,2026-07-31,12.779999732971191,12.949999809265137,12.770000457763672,12.779999732971191,12.779999732971191,6342991.0
Nifty Metal,Nifty Metal,^CNXMETAL,METALIETF.NS,2026-08-03,12.949999809265137,13.010000228881836,12.819999694824219,12.970000267028809,12.970000267028809,10939689.0
Nifty Metal,Nifty Metal,^CNXMETAL,METALIETF.NS,2026-08-04,13.140000343322754,13.149999618530273,12.9399995803833,13.100000381469727,13.100000381469727,10880947.0
Nifty Metal,Nifty Metal,^CNXMETAL,METALIETF.NS,2026-08-05,13.100000381469727,13.399999618530273,13.100000381469727,13.319999694824219,13.319999694824219,14062948.0
Nifty Metal,Nifty Metal,^CNXMETAL,METALIETF.NS,2026-08-06,13.510000228881836,13.510000228881836,13.210000038146973,13.229999542236328,13.229999542236328,7764069.0
Nifty Metal,Nifty Metal,^CNXMETAL,METALIETF.NS,2026-08-07,13.390000343322754,13.390000343322754,13.140000343322754,13.270000457763672,13.270000457763672,6878032.0
Nifty Metal,Nifty Metal,^CNXMETAL,METALIETF.NS,2026-08-10,12.930000305175781,13.390000343322754,12.930000305175781,13.279999732971191,13.279999732971191,8901964.0
Nifty Metal,Nifty Metal,^CNXMETAL,METALIETF.NS,2026-08-11,13.609999656677246,13.609999656677246,12.9399995803833,13.15999984741211,13.15999984741211,6981879.0
Nifty Metal,Nifty Metal,^CNXMETAL,METALIETF.NS,2026-08-12,13.010000228881836,13.720000267028809,13.010000228881836,13.239999771118164,13.239999771118164,5890040.0
Nifty Metal,Nifty Metal,^CNXMETAL,METALIETF.NS,2026-08-13,13.569999694824219,13.569999694824219,13.079999923706055,13.100000381469727,13.100000381469727,6304711.0
Nifty Metal,Nifty Metal,^CNXMETAL,METALIETF.NS,2026-08-14,12.84000015258789,13.109999656677246,12.84000015258789,13.069999694824219,13.069999694824219,7037859.0
Nifty Metal,Nifty Metal,^CNXMETAL,METALIETF.NS,2026-08-17,12.989999771118164,13.279999732971191,12.989999771118164,13.239999771118164,13.239999771118164,6277020.0
Nifty Metal,Nifty Metal,^CNXMETAL,METALIETF.NS,2026-08-18,13.300000190734863,13.300000190734863,13.039999961853027,13.079999923706055,13.079999923706055,8628498.0
Nifty Metal,Nifty Metal,^CNXMETAL,METALIETF.NS,2026-08-19,13.079999923706055,13.119999885559082,12.930000305175781,13.050000190734863,13.050000190734863,4588969.0
Nifty Metal,Nifty Metal,^CNXMETAL,METALIETF.NS,2026-08-20,13.300000190734863,13.300000190734863,12.949999809265137,13.109999656677246,13.109999656677246,4506792.0
Nifty Metal,Nifty Metal,^CNXMETAL,METALIETF.NS,2026-08-21,13.350000381469727,13.350000381469727,13.140000343322754,13.229999542236328,13.229999542236328,6530112.0
Nifty Metal,Nifty Metal,^CNXMETAL,METALIETF.NS,2026-08-24,13.229999542236328,13.5,12.0,13.460000038146973,13.460000038146973,15576160.0
Nifty Metal,Nifty Metal,^CNXMETAL,METALIETF.NS,2026-08-26,13.0600004196167,13.710000038146973,13.0600004196167,13.680000305175781,13.680000305175781,39037829.0
