Date,Open,High,Low,Close,Adj Close,Volume
2023-08-28,3264.949951171875,3272.0,3231.050048828125,3259.699951171875,3155.564453125,707315
2023-08-29,3261.0,3289.0,3255.050048828125,3285.699951171875,3180.73388671875,533163
2023-08-30,3301.300048828125,3302.85009765625,3276.39990234375,3294.699951171875,3189.446533203125,599080
2023-08-31,3300.050048828125,3302.0,3220.0,3256.10009765625,3152.080078125,1601967
2023-09-01,3241.10009765625,3264.199951171875,3217.10009765625,3259.550048828125,3155.41943359375,650131
2023-09-04,3259.550048828125,3266.25,3216.10009765625,3235.550048828125,3132.186279296875,696213
2023-09-05,3245.0,3248.85009765625,3220.0,3223.300048828125,3120.32763671875,597022
2023-09-06,3209.0,3230.0,3195.0,3225.300048828125,3122.263916015625,754106
2023-09-07,3225.300048828125,3253.75,3201.25,3246.35009765625,3142.64111328125,923108
2023-09-08,3250.550048828125,3263.050048828125,3232.0,3238.050048828125,3134.6064453125,395918
2023-09-11,3242.0,3265.0,3242.0,3259.39990234375,3155.274169921875,359345
2023-09-12,3260.0,3279.800048828125,3243.0,3256.85009765625,3152.8056640625,554905
2023-09-13,3245.0,3284.64990234375,3225.300048828125,3277.75,3173.0380859375,880907
2023-09-14,3282.0,3294.199951171875,3223.25,3240.25,3136.736328125,1102554
2023-09-15,3235.0,3240.0,3185.0,3196.64990234375,3094.528564453125,1568607
2023-09-18,3200.0,3229.89990234375,3190.0,3206.300048828125,3103.870849609375,673602
2023-09-20,3206.300048828125,3228.0,3195.0,3214.35009765625,3111.663330078125,901084
2023-09-21,3210.0,3261.199951171875,3180.550048828125,3244.199951171875,3140.56005859375,845739
2023-09-22,3234.949951171875,3283.60009765625,3221.14990234375,3274.85009765625,3170.23095703125,896521
2023-09-25,3272.300048828125,3334.800048828125,3271.14990234375,3323.25,3217.084716796875,1422084
2023-09-26,3323.0,3324.89990234375,3260.35009765625,3292.800048828125,3187.607177734375,834560
2023-09-27,3288.0,3309.0,3271.699951171875,3301.800048828125,3196.31982421875,516326
2023-09-28,3281.800048828125,3289.0,3155.0,3170.35009765625,3069.0693359375,2104381
2023-09-29,3195.0,3195.0,3134.0,3161.050048828125,3060.06640625,1550585
2023-10-03,3166.10009765625,3227.800048828125,3162.0,3166.85009765625,3065.680908203125,1219145
2023-10-04,3164.949951171875,3189.0,3151.35009765625,3169.89990234375,3068.633544921875,892584
2023-10-05,3210.0,3232.10009765625,3174.300048828125,3206.25,3103.822265625,1002610
2023-10-06,3214.75,3217.0,3190.0,3195.75,3093.657958984375,814257
2023-10-09,3140.050048828125,3163.0,3132.699951171875,3152.800048828125,3052.080322265625,700012
2023-10-10,3150.0,3164.89990234375,3140.050048828125,3151.5,3050.821533203125,847367
2023-10-11,3169.0,3185.0,3152.050048828125,3163.89990234375,3062.825439453125,1025317
2023-10-12,3186.0,3188.5,3150.050048828125,3159.10009765625,3058.1787109375,992531
2023-10-13,3150.0,3172.0,3128.25,3148.800048828125,3048.20751953125,854688
2023-10-16,3124.0,3128.0,3096.10009765625,3112.050048828125,3012.631591796875,853011
2023-10-17,3137.0,3137.0,3091.800048828125,3113.550048828125,3014.083740234375,792640
2023-10-18,3110.0,3115.199951171875,3090.0,3096.449951171875,2997.530029296875,481985
2023-10-19,3087.699951171875,3110.89990234375,3076.10009765625,3101.800048828125,3002.708984375,568124
2023-10-20,3092.5,3115.10009765625,3064.550048828125,3105.85009765625,3006.629638671875,711434
2023-10-23,3096.050048828125,3108.89990234375,3064.0,3072.0,2973.861083984375,374476
2023-10-25,3093.39990234375,3108.0,3052.0,3060.800048828125,2963.0185546875,669290
2023-10-26,3051.10009765625,3055.0,2940.0,2960.300048828125,2865.7294921875,1834111
2023-10-27,2932.800048828125,2974.64990234375,2931.0,2955.14990234375,2860.743896484375,1708185
2023-10-30,2974.0,2991.949951171875,2939.10009765625,2967.10009765625,2872.312255859375,878885
2023-10-31,2969.0,3012.75,2966.0,2995.699951171875,2899.99853515625,1152306
2023-11-01,2997.949951171875,3008.89990234375,2930.0,2934.550048828125,2840.80224609375,1029990
2023-11-02,2961.050048828125,2962.0,2934.0,2955.39990234375,2860.98583984375,900125
2023-11-03,2957.0,2982.89990234375,2942.0,2977.85009765625,2887.751220703125,715997
2023-11-06,2998.0,3034.050048828125,2983.85009765625,3029.300048828125,2937.644287109375,620959
2023-11-07,3029.300048828125,3038.949951171875,3002.199951171875,3033.35009765625,2941.572021484375,757998
2023-11-08,3058.0,3098.949951171875,3046.199951171875,3095.25,3001.59912109375,783400
2023-11-09,3100.0,3111.39990234375,3074.050048828125,3080.199951171875,2987.004150390625,849702
2023-11-10,3070.0,3085.0,3040.10009765625,3076.449951171875,2983.36767578125,364232
2023-11-13,3098.0,3098.0,3065.0,3085.60009765625,2992.2412109375,405941
2023-11-15,3085.699951171875,3118.85009765625,3078.699951171875,3116.199951171875,3021.9150390625,700017
2023-11-16,3119.0,3140.89990234375,3097.60009765625,3130.300048828125,3035.58837890625,675454
2023-11-17,3150.0,3228.25,3145.64990234375,3168.89990234375,3073.020263671875,1430175
2023-11-20,3168.89990234375,3171.89990234375,3132.0,3140.35009765625,3045.33447265625,406431
2023-11-21,3156.89990234375,3156.89990234375,3127.0,3133.25,3038.44921875,409069
2023-11-22,3140.0,3157.0,3121.199951171875,3133.0,3038.20654296875,489889
2023-11-23,3148.0,3171.39990234375,3115.14990234375,3122.949951171875,3028.460693359375,792460
2023-11-24,3118.0,3139.800048828125,3111.0,3136.14990234375,3041.26123046875,756329
2023-11-28,3141.14990234375,3160.0,3136.14990234375,3148.35009765625,3053.092529296875,647883
2023-11-29,3148.35009765625,3170.0,3142.0,3148.35009765625,3053.092529296875,620725
2023-11-30,3148.35009765625,3153.949951171875,3108.35009765625,3119.89990234375,3025.503173828125,1793116
2023-12-01,3146.949951171875,3190.60009765625,3140.25,3173.39990234375,3077.384033203125,960196
2023-12-04,3190.0,3204.449951171875,3166.5,3194.550048828125,3097.894775390625,1018189
2023-12-05,3197.0,3247.64990234375,3180.0,3226.25,3128.635009765625,1005550
2023-12-06,3265.0,3289.0,3232.949951171875,3252.550048828125,3154.1396484375,1229158
2023-12-07,3284.0,3299.949951171875,3246.85009765625,3251.800048828125,3153.412353515625,1071725
2023-12-08,3255.0,3269.800048828125,3227.800048828125,3232.0,3134.21142578125,895852
2023-12-11,3230.0,3245.0,3185.5,3233.0,3135.18115234375,910426
2023-12-12,3228.0,3257.050048828125,3210.0,3224.75,3127.1806640625,1019030
2023-12-13,3240.0,3254.949951171875,3190.300048828125,3243.64990234375,3145.5087890625,1052079
2023-12-14,3255.0,3258.60009765625,3218.0,3241.35009765625,3143.278564453125,923107
2023-12-15,3250.0,3326.35009765625,3242.0,3313.89990234375,3213.63330078125,1631687
2023-12-18,3313.0,3335.800048828125,3296.0,3332.050048828125,3231.234130859375,911936
2023-12-19,3335.949951171875,3353.89990234375,3300.14990234375,3336.050048828125,3235.11328125,780448
2023-12-20,3336.050048828125,3359.949951171875,3282.64990234375,3297.14990234375,3197.39013671875,979762
2023-12-21,3280.0,3320.0,3271.85009765625,3302.949951171875,3203.014404296875,1585879
2023-12-22,3309.89990234375,3350.800048828125,3287.0,3341.300048828125,3240.204345703125,930563
2023-12-26,3349.949951171875,3391.89990234375,3345.199951171875,3383.35009765625,3280.982177734375,600190
2023-12-27,3381.050048828125,3409.949951171875,3354.0,3404.449951171875,3301.443603515625,837182
2023-12-28,3405.0,3419.949951171875,3373.050048828125,3397.25,3294.461181640625,779250
2023-12-29,3410.0,3422.949951171875,3383.89990234375,3402.39990234375,3299.45556640625,615676
2024-01-01,3403.0,3411.800048828125,3389.14990234375,3396.10009765625,3293.346435546875,283951
2024-01-02,3396.0,3398.89990234375,3345.0,3391.35009765625,3288.739990234375,552394
2024-01-03,3391.35009765625,3399.0,3365.0,3373.60009765625,3271.52734375,379131
2024-01-04,3372.0,3401.25,3363.800048828125,3379.949951171875,3277.68505859375,777127
2024-01-05,3379.949951171875,3380.39990234375,3348.0,3355.550048828125,3254.0234375,416956
2024-01-08,3355.0,3376.5,3294.85009765625,3298.39990234375,3198.60205078125,545884
2024-01-09,3310.0,3315.0,3262.25,3267.5,3168.637451171875,670704
2024-01-10,3292.0,3293.0,3258.199951171875,3286.85009765625,3187.40185546875,691087
2024-01-11,3286.85009765625,3309.199951171875,3270.699951171875,3288.199951171875,3188.7109375,537469
2024-01-12,3294.949951171875,3294.949951171875,3244.0,3277.800048828125,3178.625732421875,673004
2024-01-15,3282.199951171875,3287.199951171875,3258.60009765625,3273.89990234375,3174.843505859375,728116
2024-01-16,3274.949951171875,3320.0,3273.89990234375,3296.89990234375,3197.147705078125,748215
2024-01-17,3294.10009765625,3304.35009765625,3193.050048828125,3242.300048828125,3144.19970703125,2239241
2024-01-18,3257.949951171875,3257.949951171875,3048.60009765625,3163.85009765625,3068.12353515625,1979174
2024-01-19,3177.800048828125,3201.550048828125,3148.60009765625,3165.85009765625,3070.06298828125,936201
2024-01-23,3087.550048828125,3109.0,3021.550048828125,3054.699951171875,2962.275634765625,2365225
2024-01-24,3055.0,3055.0,2976.10009765625,2999.449951171875,2908.697265625,2665932
2024-01-25,3010.050048828125,3016.0,2942.300048828125,2949.199951171875,2859.968017578125,2001961
2024-01-29,2940.050048828125,2988.449951171875,2940.050048828125,2976.050048828125,2886.005126953125,1862723
2024-01-30,2990.0,3005.0,2951.050048828125,2954.10009765625,2864.719482421875,1273188
2024-01-31,2966.0,2971.89990234375,2948.050048828125,2957.85009765625,2868.356201171875,1771244
2024-02-01,2961.0,2972.85009765625,2919.949951171875,2929.35009765625,2840.718505859375,3006472
2024-02-02,2950.0,2962.35009765625,2924.050048828125,2936.300048828125,2847.4580078125,1881911
2024-02-05,2950.0,2965.0,2912.0,2917.35009765625,2829.08154296875,923435
2024-02-06,2931.0,2947.0,2902.64990234375,2930.949951171875,2842.27001953125,1471312
2024-02-07,2957.0,3002.949951171875,2936.050048828125,2981.14990234375,2890.951171875,1134012
2024-02-08,2999.75,2999.75,2919.800048828125,2929.60009765625,2840.960693359375,1633654
2024-02-09,2930.0,2959.0,2910.550048828125,2951.64990234375,2862.343505859375,1144765
2024-02-12,2951.64990234375,2964.949951171875,2920.050048828125,2953.800048828125,2864.4287109375,614469
2024-02-13,2964.949951171875,2981.25,2945.699951171875,2971.60009765625,2881.6904296875,717118
2024-02-14,2969.89990234375,2980.800048828125,2936.050048828125,2976.39990234375,2886.3447265625,750339
2024-02-15,2980.0,3024.5,2967.449951171875,3016.550048828125,2925.2802734375,1068730
2024-02-16,3035.0,3035.0,3000.0,3007.89990234375,2916.8916015625,1179473
2024-02-19,3007.89990234375,3018.699951171875,2987.5,2998.10009765625,2907.388427734375,560700
2024-02-20,2998.10009765625,3017.10009765625,2972.10009765625,3011.64990234375,2920.5283203125,729371
2024-02-21,3012.050048828125,3026.75,2983.5,3001.800048828125,2910.976318359375,927130
2024-02-22,2983.0,3027.199951171875,2932.10009765625,3017.39990234375,2926.104248046875,2615821
2024-02-23,2999.0,3005.0,2966.199951171875,2985.949951171875,2895.605712890625,1650523
2024-02-26,2920.0,2930.0,2847.800048828125,2868.449951171875,2781.66064453125,3524491
2024-02-27,2855.0,2870.0,2850.10009765625,2859.550048828125,2773.0302734375,1296180
2024-02-28,2850.14990234375,2859.39990234375,2785.5,2794.35009765625,2709.80322265625,2472196
2024-02-29,2785.0,2838.0,2776.75,2821.89990234375,2736.51953125,2284424
2024-03-01,2832.89990234375,2845.949951171875,2815.050048828125,2831.75,2746.071533203125,978174
2024-03-04,2860.0,2860.949951171875,2828.0,2831.75,2746.071533203125,971299
2024-03-05,2834.0,2834.85009765625,2805.0,2820.39990234375,2735.064697265625,736381
2024-03-06,2827.949951171875,2839.0,2777.75,2827.300048828125,2741.75634765625,1723066
2024-03-07,2825.0,2894.0,2825.0,2870.550048828125,2783.697509765625,1564364
2024-03-11,2895.550048828125,2896.550048828125,2853.10009765625,2876.85009765625,2789.806884765625,866546
2024-03-12,2880.0,2899.89990234375,2865.449951171875,2876.14990234375,2789.128173828125,663186
2024-03-13,2878.60009765625,2887.25,2835.0,2860.14990234375,2773.6123046875,955841
2024-03-14,2860.0,2898.050048828125,2841.0,2892.25,2804.740966796875,1381741
2024-03-15,2895.0,2896.949951171875,2850.0,2867.550048828125,2780.788330078125,1356226
2024-03-18,2866.0,2866.0,2817.25,2846.5,2760.375244140625,940424
2024-03-19,2840.0,2840.0,2801.0,2815.10009765625,2729.925537109375,1199135
2024-03-20,2815.10009765625,2837.050048828125,2797.550048828125,2824.89990234375,2739.428466796875,818910
2024-03-21,2845.0,2845.39990234375,2806.0,2821.14990234375,2735.792236328125,1167680
2024-03-22,2821.14990234375,2855.14990234375,2808.0,2841.5,2755.5263671875,1652689
2024-03-26,2820.0,2844.14990234375,2810.0,2814.64990234375,2729.489013671875,1372390
2024-03-27,2817.949951171875,2842.85009765625,2817.699951171875,2830.5,2744.859375,1156231
2024-03-28,2835.050048828125,2868.0,2819.0,2846.75,2760.61767578125,1864623
2024-04-01,2860.949951171875,2886.449951171875,2852.35009765625,2871.0,2784.134033203125,558086
2024-04-02,2874.050048828125,2892.39990234375,2856.0,2874.199951171875,2787.23681640625,562473
2024-04-03,2845.0,2884.550048828125,2845.0,2869.35009765625,2782.53369140625,816676
2024-04-04,2870.0,2943.25,2851.25,2918.300048828125,2830.0029296875,1831347
2024-04-05,2924.0,2927.75,2880.0,2883.449951171875,2796.20751953125,1155672
2024-04-08,2908.0,2908.949951171875,2873.800048828125,2892.0,2804.498779296875,570695
2024-04-09,2893.0,2916.449951171875,2845.0,2857.14990234375,2770.702880859375,1017670
2024-04-10,2883.300048828125,2899.10009765625,2858.0,2896.75,2809.104736328125,740495
2024-04-12,2890.0,2893.0,2845.0,2854.5,2768.1328125,1766311
2024-04-15,2830.199951171875,2853.5,2812.35009765625,2844.39990234375,2758.338623046875,884519
2024-04-16,2827.64990234375,2841.449951171875,2820.0,2830.0,2744.37451171875,911249
2024-04-18,2855.0,2859.199951171875,2800.10009765625,2807.699951171875,2722.7490234375,1732434
2024-04-19,2790.0,2822.10009765625,2766.14990234375,2808.550048828125,2723.573486328125,1337807
2024-04-22,2846.60009765625,2846.60009765625,2814.050048828125,2841.85009765625,2755.865966796875,676040
2024-04-23,2852.0,2877.949951171875,2844.0,2874.89990234375,2787.915771484375,929062
2024-04-24,2882.949951171875,2883.10009765625,2860.0,2867.75,2780.982421875,718441
2024-04-25,2865.0,2869.89990234375,2829.050048828125,2861.449951171875,2774.873046875,1594152
2024-04-26,2870.0,2878.199951171875,2837.050048828125,2844.14990234375,2758.096435546875,625507
2024-04-29,2844.14990234375,2873.949951171875,2839.0,2868.199951171875,2781.41845703125,566219
2024-04-30,2855.0,2912.0,2855.0,2875.89990234375,2788.885498046875,1290649
2024-05-02,2875.10009765625,2988.0,2875.10009765625,2975.39990234375,2885.375,2493406
2024-05-03,2983.050048828125,2997.0,2909.25,2929.75,2841.106689453125,1594445
2024-05-06,2950.0,2959.0,2911.199951171875,2932.14990234375,2843.433349609375,768806
2024-05-07,2947.0,2967.949951171875,2904.0,2913.0,2824.863037109375,629534
2024-05-08,2900.0,2905.0,2821.0,2843.300048828125,2757.27197265625,1652877
2024-05-09,2828.0,2853.949951171875,2703.800048828125,2710.10009765625,2628.10205078125,3547959
2024-05-10,2699.0,2792.60009765625,2670.10009765625,2771.25,2687.40185546875,2478584
2024-05-13,2771.25,2895.0,2754.10009765625,2879.25,2792.134033203125,2748823
2024-05-14,2879.0,2888.0,2842.0,2866.14990234375,2779.430908203125,999330
2024-05-15,2866.14990234375,2874.25,2806.14990234375,2813.699951171875,2728.5673828125,1230520
2024-05-16,2821.050048828125,2837.60009765625,2786.550048828125,2814.050048828125,2728.906982421875,1534319
2024-05-17,2814.60009765625,2838.199951171875,2786.10009765625,2809.89990234375,2724.882568359375,1325150
2024-05-21,2815.0,2866.949951171875,2801.0,2851.800048828125,2765.5146484375,921822
2024-05-22,2851.800048828125,2895.0,2836.60009765625,2885.75,2798.4375,933846
2024-05-23,2885.0,2921.25,2877.300048828125,2903.75,2815.89306640625,1181894
2024-05-24,2910.199951171875,2910.199951171875,2867.0,2874.75,2787.7705078125,755822
2024-05-27,2887.89990234375,2898.300048828125,2855.550048828125,2872.300048828125,2785.394775390625,817091
2024-05-28,2875.85009765625,2921.0,2864.0,2911.199951171875,2823.117431640625,1084544
2024-05-29,2896.0,2921.699951171875,2881.10009765625,2900.14990234375,2812.401611328125,1758297
2024-05-30,2875.25,2910.85009765625,2875.0,2883.699951171875,2796.44970703125,1344426
2024-05-31,2883.699951171875,2906.0,2855.60009765625,2881.199951171875,2794.025146484375,2520363
2024-06-03,2950.0,2950.0,2860.050048828125,2866.449951171875,2779.721435546875,952701
2024-06-04,2880.0,2897.0,2775.75,2857.64990234375,2771.18798828125,2683847
2024-06-05,2864.5,3027.300048828125,2864.5,2961.75,2872.138427734375,2410576
2024-06-06,2960.0,2961.75,2882.25,2904.800048828125,2816.911376953125,1689408
2024-06-07,2904.800048828125,2943.10009765625,2888.85009765625,2927.699951171875,2839.1181640625,1600180
2024-06-10,2928.0,2951.89990234375,2915.0,2937.550048828125,2848.670166015625,876867
2024-06-11,2915.0,2920.35009765625,2895.0,2902.449951171875,2841.865478515625,855430
2024-06-12,2909.0,2918.0,2865.64990234375,2905.800048828125,2845.1455078125,1701770
2024-06-13,2929.0,2929.0,2905.0,2910.0,2849.2578125,726380
2024-06-14,2910.0,2931.35009765625,2905.10009765625,2921.60009765625,2860.615966796875,982815
2024-06-18,2921.60009765625,2928.0,2905.0,2918.5,2857.58056640625,741098
2024-06-19,2918.0,2920.0,2882.64990234375,2891.699951171875,2831.33984375,1018294
2024-06-20,2885.0,2924.5,2872.39990234375,2915.5,2854.64306640625,1129752
2024-06-21,2925.0,2928.0,2880.10009765625,2890.85009765625,2830.508056640625,1722379
2024-06-24,2883.0,2899.949951171875,2871.39990234375,2896.050048828125,2835.598876953125,892125
2024-06-25,2876.0,2894.949951171875,2856.0,2858.449951171875,2798.783935546875,1217792
2024-06-26,2860.199951171875,2873.85009765625,2844.050048828125,2863.35009765625,2803.58154296875,960622
2024-06-27,2860.75,2903.0,2845.0,2880.85009765625,2820.716552734375,1628022
2024-06-28,2865.0,2932.0,2862.199951171875,2917.050048828125,2856.160888671875,1206712
2024-07-01,2889.300048828125,2939.0,2888.0,2927.800048828125,2866.686279296875,1104110
2024-07-02,2927.800048828125,2936.0,2912.0,2925.60009765625,2864.5322265625,1064295
2024-07-03,2929.699951171875,2948.949951171875,2916.0,2925.550048828125,2864.48291015625,925189
2024-07-04,2940.0,2968.449951171875,2923.0,2934.89990234375,2873.637939453125,968666
2024-07-05,2937.14990234375,2946.89990234375,2913.10009765625,2935.89990234375,2874.616943359375,817429
2024-07-08,2935.89990234375,2935.89990234375,2890.699951171875,2898.14990234375,2837.655029296875,828260
2024-07-09,2908.949951171875,2913.199951171875,2890.0,2905.0,2844.36181640625,685431
2024-07-10,2900.050048828125,3014.5,2894.35009765625,2996.449951171875,2933.9033203125,2299950
2024-07-11,2999.0,3030.0,2973.0,3022.050048828125,2958.96923828125,1968980
2024-07-12,3025.0,3052.0,2970.89990234375,2999.14990234375,2936.546630859375,1879930
2024-07-15,2999.0,2999.0,2932.550048828125,2956.5,2894.787109375,2425341
2024-07-16,2959.0,3015.949951171875,2941.5,2974.449951171875,2912.362548828125,2085611
2024-07-18,2875.0,2957.89990234375,2842.0,2931.550048828125,2870.35791015625,5384611
2024-07-19,2925.0,2980.0,2917.25,2946.050048828125,2884.555419921875,2164746
2024-07-22,2937.0,2973.35009765625,2917.14990234375,2934.300048828125,2873.05078125,1616347
2024-07-23,2934.300048828125,2947.300048828125,2886.0,2897.10009765625,2836.627197265625,1906312
2024-07-24,2901.0,2927.0,2886.199951171875,2912.800048828125,2851.99951171875,1476148
2024-07-25,2892.050048828125,2908.699951171875,2885.25,2901.39990234375,2840.83740234375,1239922
2024-07-26,2902.199951171875,2964.449951171875,2900.699951171875,2950.14990234375,2888.569580078125,1359780
2024-07-29,2953.050048828125,2965.10009765625,2936.0,2954.699951171875,2893.024658203125,854408
2024-07-30,2973.5,3032.800048828125,2970.0,3005.050048828125,2942.32373046875,2144591
2024-07-31,3005.050048828125,3098.0,3005.050048828125,3084.449951171875,3020.06640625,3549501
2024-08-01,3088.0,3128.949951171875,3062.800048828125,3099.35009765625,3034.655517578125,1675122
2024-08-02,3070.0,3129.050048828125,3060.0,3106.699951171875,3041.851806640625,1348780
2024-08-05,3069.949951171875,3145.0,3055.300048828125,3093.39990234375,3028.82958984375,2019141
2024-08-06,3101.699951171875,3135.0,3086.050048828125,3101.75,3037.005126953125,885743
2024-08-07,3101.75,3118.5,3060.050048828125,3101.449951171875,3036.711669921875,1907105
2024-08-08,3080.0,3089.699951171875,2990.39990234375,3005.39990234375,2942.66650390625,1280109
2024-08-09,3039.0,3052.75,2966.0,3040.60009765625,2977.131591796875,1665414
2024-08-12,3020.0,3084.0,3003.699951171875,3053.199951171875,2989.46875,1736881
2024-08-13,3054.89990234375,3059.800048828125,3013.0,3023.550048828125,2960.437744140625,502260
2024-08-14,3034.800048828125,3034.800048828125,2994.050048828125,3025.85009765625,2962.689453125,454671
2024-08-16,3054.0,3054.0,3003.0,3048.14990234375,2984.52392578125,514229
2024-08-19,3053.949951171875,3087.85009765625,3038.35009765625,3076.300048828125,3012.086669921875,542858
2024-08-20,3096.0,3106.35009765625,3078.0,3103.199951171875,3038.425048828125,668282
2024-08-21,3101.0,3170.60009765625,3084.050048828125,3151.550048828125,3085.765869140625,1186536
2024-08-22,3167.0,3198.64990234375,3156.050048828125,3186.60009765625,3120.084228515625,1540888
2024-08-23,3190.0,3198.60009765625,3148.75,3154.64990234375,3088.80126953125,779284
2024-08-26,3155.0,3177.449951171875,3141.5,3171.35009765625,3105.15283203125,472874
2024-08-27,3154.0,3203.64990234375,3150.0,3166.199951171875,3100.110107421875,1003501
2024-08-28,3152.949951171875,3165.5,3118.800048828125,3125.5,3060.259521484375,538366
2024-08-29,3125.5,3143.949951171875,3092.699951171875,3115.85009765625,3050.811279296875,849866
2024-08-30,3130.050048828125,3166.75,3110.699951171875,3126.800048828125,3061.532470703125,1567031
2024-09-02,3148.0,3184.0,3139.60009765625,3150.949951171875,3085.17822265625,702358
2024-09-03,3164.949951171875,3174.550048828125,3147.5,3154.85009765625,3088.996826171875,577471
2024-09-04,3155.5,3252.0,3155.5,3231.64990234375,3164.193603515625,2379110
2024-09-05,3240.0,3257.0,3217.0,3238.25,3170.65625,1482119
2024-09-06,3238.0,3285.89990234375,3225.35009765625,3273.699951171875,3205.365966796875,2131256
2024-09-09,3273.699951171875,3314.0,3258.0,3280.75,3212.268798828125,1272289
2024-09-10,3290.0,3310.0,3270.89990234375,3295.050048828125,3226.2705078125,928920
2024-09-11,3315.0,3382.949951171875,3315.0,3367.449951171875,3297.1591796875,2561892
2024-09-12,3370.0,3393.0,3340.300048828125,3383.25,3312.629638671875,1643536
2024-09-13,3355.550048828125,3369.699951171875,3320.89990234375,3358.050048828125,3287.955322265625,1029400
2024-09-16,3360.0,3394.89990234375,3330.60009765625,3335.800048828125,3266.169921875,1019280
2024-09-17,3335.800048828125,3349.89990234375,3301.800048828125,3312.800048828125,3243.64990234375,586834
2024-09-18,3312.800048828125,3324.85009765625,3251.550048828125,3274.64990234375,3206.296142578125,410510
2024-09-19,3294.0,3320.0,3275.0,3293.85009765625,3225.095458984375,963456
2024-09-20,3304.0,3324.800048828125,3266.050048828125,3306.949951171875,3237.921875,1504277
2024-09-23,3316.949951171875,3324.89990234375,3273.199951171875,3277.449951171875,3209.037841796875,522775
2024-09-24,3277.449951171875,3297.75,3241.10009765625,3248.39990234375,3180.59423828125,1057933
2024-09-25,3252.0,3252.0,3206.75,3244.75,3177.0205078125,740636
2024-09-26,3250.0,3285.85009765625,3227.10009765625,3277.050048828125,3208.646240234375,951080
2024-09-27,3290.949951171875,3337.949951171875,3277.050048828125,3310.75,3241.642822265625,1315996
2024-09-30,3310.75,3358.0,3305.14990234375,3329.10009765625,3259.60986328125,1088162
2024-10-01,3317.0,3328.949951171875,3244.050048828125,3277.35009765625,3208.93994140625,968660
2024-10-03,3192.300048828125,3225.89990234375,3126.5,3149.300048828125,3083.562744140625,1741363
2024-10-04,3135.0,3156.75,3054.550048828125,3072.5,3008.36572265625,1551818
2024-10-07,3075.0,3098.550048828125,3038.0,3062.25,2998.32958984375,909812
2024-10-08,3058.0,3099.0,3045.64990234375,3088.050048828125,3023.59130859375,817718
2024-10-09,3095.550048828125,3146.699951171875,3071.75,3078.85009765625,3014.58349609375,1225598
2024-10-10,3090.050048828125,3095.0,3043.0,3059.10009765625,2995.245361328125,1161933
2024-10-11,3059.199951171875,3064.0,3026.0,3037.199951171875,2973.802490234375,976017
2024-10-14,3037.0,3055.0,3017.199951171875,3039.14990234375,2975.712158203125,716011
2024-10-15,3075.0,3096.800048828125,3047.64990234375,3067.10009765625,3003.07861328125,1242322
2024-10-16,3088.0,3103.550048828125,3066.10009765625,3082.10009765625,3017.765625,764001
2024-10-17,3082.89990234375,3085.0,3037.0,3055.85009765625,2992.063232421875,674481
2024-10-18,3057.0,3069.0,2980.60009765625,2992.14990234375,2929.693115234375,899318
2024-10-21,3007.050048828125,3057.0,3000.550048828125,3049.199951171875,2985.55224609375,806970
2024-10-22,3054.0,3057.949951171875,2995.25,3006.85009765625,2944.086181640625,541838
2024-10-23,2999.949951171875,3026.5,2972.050048828125,2989.699951171875,2927.294189453125,624689
2024-10-24,2989.699951171875,3002.300048828125,2951.0,2972.0,2909.963623046875,571259
2024-10-25,2975.5,3015.550048828125,2952.0,2958.0,2896.255859375,1047769
2024-10-28,2987.89990234375,3021.699951171875,2963.050048828125,3001.85009765625,2939.190673828125,504961
2024-10-29,3020.0,3028.0,2941.10009765625,2992.85009765625,2930.37890625,613459
2024-10-30,3006.0,3006.0,2963.550048828125,2996.64990234375,2934.098876953125,812725
2024-10-31,2994.199951171875,2996.5,2919.0,2935.64990234375,2874.372314453125,1031171
2024-11-01,2958.0,2965.75,2930.0,2939.85009765625,2878.48486328125,112249
2024-11-04,2962.14990234375,2962.14990234375,2885.5,2915.300048828125,2854.447265625,1146008
2024-11-05,2895.0,2918.800048828125,2872.699951171875,2887.300048828125,2827.03173828125,935417
2024-11-06,2890.5,2907.85009765625,2860.0,2897.300048828125,2836.82275390625,1817087
2024-11-07,2900.0,2904.949951171875,2825.0,2842.85009765625,2783.509521484375,1112489
2024-11-08,2842.85009765625,2847.0,2762.39990234375,2769.449951171875,2711.641845703125,2060410
2024-11-11,2565.050048828125,2598.75,2506.0,2543.10009765625,2490.0166015625,8854840
2024-11-12,2535.0,2535.0,2470.0,2474.85009765625,2423.19091796875,3445898
2024-11-13,2470.0,2498.0,2451.10009765625,2470.5,2418.931884765625,1803766
2024-11-14,2482.800048828125,2501.75,2466.199951171875,2483.14990234375,2431.317626953125,1206967
2024-11-18,2520.0,2520.0,2470.800048828125,2483.699951171875,2431.85595703125,945471
2024-11-19,2488.0,2503.199951171875,2472.35009765625,2483.699951171875,2436.024658203125,941508
2024-11-21,2454.699951171875,2465.949951171875,2425.0,2428.14990234375,2381.540771484375,1377572
2024-11-22,2430.0,2493.949951171875,2422.949951171875,2472.199951171875,2424.745361328125,3805843
2024-11-25,2505.0,2507.949951171875,2450.050048828125,2459.699951171875,2412.4853515625,1857124
2024-11-26,2459.89990234375,2518.0,2457.60009765625,2505.0,2456.915771484375,1152258
2024-11-27,2517.5,2517.64990234375,2480.0,2491.89990234375,2444.067138671875,864653
2024-11-28,2500.0,2506.0,2453.300048828125,2458.050048828125,2410.866943359375,1506133
2024-11-29,2458.050048828125,2491.5,2455.050048828125,2479.60009765625,2432.00341796875,1030854
2024-12-02,2479.60009765625,2486.0,2461.35009765625,2479.050048828125,2431.463623046875,914624
2024-12-03,2494.0,2494.0,2463.5,2469.39990234375,2421.9990234375,1341985
2024-12-04,2478.89990234375,2479.10009765625,2453.199951171875,2459.449951171875,2412.239990234375,1005012
2024-12-05,2465.0,2466.89990234375,2423.89990234375,2452.199951171875,2405.129150390625,3190834
2024-12-06,2468.0,2468.0,2427.0,2429.699951171875,2383.060791015625,1735948
2024-12-09,2438.14990234375,2439.0,2387.0,2391.85009765625,2345.93798828125,2301281
2024-12-10,2399.89990234375,2404.64990234375,2385.050048828125,2388.89990234375,2343.04443359375,1657888
2024-12-11,2399.75,2428.0,2392.64990234375,2417.300048828125,2370.899169921875,1337700
2024-12-12,2413.0,2415.0,2380.699951171875,2389.550048828125,2343.68212890625,1089028
2024-12-13,2389.550048828125,2412.0,2354.0,2407.64990234375,2361.434326171875,1150861
2024-12-16,2419.949951171875,2419.949951171875,2386.14990234375,2402.25,2356.137939453125,987775
2024-12-17,2388.0,2399.89990234375,2350.5,2356.0,2310.77587890625,1258218
2024-12-18,2356.800048828125,2372.699951171875,2341.0,2345.449951171875,2300.42822265625,855682
2024-12-19,2325.0,2325.0,2265.35009765625,2291.85009765625,2247.857177734375,2784409
2024-12-20,2297.0,2318.0,2276.0,2282.35009765625,2238.53955078125,1719502
2024-12-23,2300.0,2302.550048828125,2266.050048828125,2279.199951171875,2235.449951171875,855647
2024-12-24,2282.10009765625,2295.0,2277.14990234375,2284.0,2240.157958984375,601558
2024-12-26,2284.0,2287.449951171875,2256.5,2262.39990234375,2218.972412109375,1267334
2024-12-27,2270.25,2290.800048828125,2260.050048828125,2271.39990234375,2227.7998046875,821790
2024-12-30,2280.25,2298.800048828125,2256.800048828125,2288.25,2244.326416015625,1076940
2024-12-31,2280.0,2297.64990234375,2273.0,2281.35009765625,2237.558837890625,685486
2025-01-01,2280.0,2323.199951171875,2280.0,2304.64990234375,2260.411376953125,1067328
2025-01-02,2314.0,2347.949951171875,2294.0,2343.25,2298.270751953125,1342922
2025-01-03,2344.0,2348.949951171875,2322.14990234375,2335.949951171875,2291.110595703125,1355319
2025-01-06,2335.949951171875,2340.0,2256.699951171875,2267.14990234375,2223.63134765625,1190987
2025-01-07,2272.0,2316.0,2272.0,2292.60009765625,2248.5927734375,740798
2025-01-08,2287.050048828125,2338.0,2272.699951171875,2334.35009765625,2289.54150390625,1439632
2025-01-09,2341.89990234375,2361.39990234375,2321.300048828125,2350.199951171875,2305.087158203125,1362304
2025-01-10,2335.60009765625,2348.89990234375,2316.0,2320.75,2276.20263671875,1214334
2025-01-13,2291.75,2301.89990234375,2246.39990234375,2252.64990234375,2209.40966796875,1181928
2025-01-14,2269.0,2286.35009765625,2237.0,2239.949951171875,2196.953369140625,1316807
2025-01-15,2249.0,2253.75,2220.0,2229.699951171875,2186.900146484375,1308999
2025-01-16,2239.0,2239.85009765625,2207.800048828125,2215.60009765625,2173.071044921875,1936087
2025-01-17,2225.64990234375,2269.050048828125,2212.5,2261.0,2217.599365234375,878848
2025-01-20,2272.25,2286.89990234375,2251.0,2280.550048828125,2236.774169921875,555716
2025-01-21,2280.550048828125,2315.0,2255.0,2260.35009765625,2216.9619140625,1410294
2025-01-22,2270.0,2270.0,2244.89990234375,2262.10009765625,2218.67822265625,835523
2025-01-23,2262.10009765625,2301.800048828125,2246.199951171875,2276.35009765625,2232.65478515625,1142465
2025-01-24,2283.0,2296.550048828125,2255.050048828125,2262.39990234375,2218.972412109375,543202
2025-01-27,2255.300048828125,2277.75,2246.199951171875,2251.5,2208.281982421875,1097939
2025-01-28,2260.0,2267.050048828125,2234.10009765625,2241.800048828125,2198.76806640625,897501
2025-01-29,2241.800048828125,2246.800048828125,2212.050048828125,2223.14990234375,2180.47607421875,1281088
2025-01-30,2223.14990234375,2259.25,2215.0,2249.85009765625,2206.663330078125,1155718
2025-01-31,2255.0,2305.0,2234.85009765625,2300.800048828125,2256.635498046875,1292909
2025-02-01,2312.0,2389.0,2285.300048828125,2351.14990234375,2306.018798828125,1318619
2025-02-03,2351.14990234375,2364.449951171875,2277.699951171875,2292.25,2248.24951171875,1070382
2025-02-04,2304.64990234375,2418.60009765625,2263.75,2354.35009765625,2309.15771484375,5373733
2025-02-05,2269.0,2295.550048828125,2237.25,2275.199951171875,2231.52685546875,3474642
2025-02-06,2287.199951171875,2298.89990234375,2260.25,2263.39990234375,2219.953369140625,1285954
2025-02-07,2266.0,2276.300048828125,2243.199951171875,2271.0,2227.407470703125,1336756
2025-02-10,2271.050048828125,2278.0,2254.0,2270.14990234375,2226.573974609375,1181565
2025-02-11,2279.0,2282.89990234375,2226.0,2240.85009765625,2197.83642578125,1607942
2025-02-12,2241.85009765625,2247.949951171875,2185.699951171875,2228.25,2185.47802734375,1181706
2025-02-13,2228.25,2249.949951171875,2220.0,2236.39990234375,2193.471435546875,921923
2025-02-14,2236.39990234375,2250.550048828125,2203.0,2231.300048828125,2188.4697265625,1380052
2025-02-17,2231.300048828125,2260.0,2226.050048828125,2250.85009765625,2207.644287109375,923900
2025-02-18,2248.0,2251.949951171875,2218.75,2237.60009765625,2194.6484375,735853
2025-02-19,2237.60009765625,2249.800048828125,2226.10009765625,2239.10009765625,2196.119873046875,645234
2025-02-20,2239.10009765625,2257.10009765625,2231.050048828125,2249.050048828125,2205.878662109375,637442
2025-02-21,2249.050048828125,2265.800048828125,2237.0,2257.60009765625,2214.264892578125,755585
2025-02-24,2245.89990234375,2259.0,2241.0,2246.199951171875,2203.083251953125,765042
2025-02-25,2246.199951171875,2257.10009765625,2217.699951171875,2224.75,2182.045166015625,947702
2025-02-27,2214.0,2228.39990234375,2198.0,2213.64990234375,2171.158203125,1027196
2025-02-28,2210.0,2211.35009765625,2175.800048828125,2179.75,2137.908935546875,1701193
2025-03-03,2179.75,2193.35009765625,2129.0,2166.39990234375,2124.815185546875,959068
2025-03-04,2154.050048828125,2159.85009765625,2124.75,2132.10009765625,2091.173828125,2180989
2025-03-05,2132.0,2182.800048828125,2124.75,2164.14990234375,2122.6083984375,1535212
2025-03-06,2189.85009765625,2275.0,2183.10009765625,2267.699951171875,2224.170654296875,1985096
2025-03-07,2267.699951171875,2277.949951171875,2248.0,2270.0,2226.4267578125,921429
2025-03-10,2270.0,2293.0,2261.85009765625,2278.60009765625,2234.86181640625,1072395
2025-03-11,2274.0,2290.89990234375,2257.89990234375,2287.39990234375,2243.49267578125,601228
2025-03-12,2287.39990234375,2295.949951171875,2247.0,2251.300048828125,2208.085693359375,749216
2025-03-13,2255.25,2257.199951171875,2222.5,2231.300048828125,2188.4697265625,747470
2025-03-17,2205.0,2239.25,2196.050048828125,2219.550048828125,2176.945068359375,838015
2025-03-18,2219.550048828125,2219.550048828125,2219.550048828125,2219.550048828125,2176.945068359375,0
2025-03-19,2274.0,2287.949951171875,2267.85009765625,2280.699951171875,2236.921142578125,663292
2025-03-20,2290.0,2307.0,2268.75,2287.199951171875,2243.29638671875,1166849
2025-03-21,2291.64990234375,2314.5,2277.85009765625,2300.39990234375,2256.2431640625,1624115
2025-03-24,2302.39990234375,2330.25,2302.10009765625,2322.5,2277.918701171875,1100353
2025-03-25,2325.0,2344.5,2308.0,2330.75,2286.010498046875,1828005
2025-03-26,2340.0,2340.949951171875,2304.0,2323.14990234375,2278.55615234375,1934287
2025-03-27,2315.0,2350.10009765625,2290.5,2338.10009765625,2293.219482421875,1497861
2025-03-28,2343.949951171875,2364.0,2325.0,2340.64990234375,2295.720458984375,1281871
2025-04-01,2342.0,2361.699951171875,2305.75,2316.0,2271.54345703125,970583
2025-04-02,2328.0,2328.39990234375,2292.14990234375,2306.64990234375,2262.373046875,792693
2025-04-03,2295.0,2354.89990234375,2289.800048828125,2349.39990234375,2304.302490234375,608846
2025-04-04,2349.39990234375,2363.949951171875,2302.800048828125,2356.050048828125,2310.824951171875,1163188
2025-04-07,2190.0,2354.0,2190.0,2341.35009765625,2296.4072265625,1745817
2025-04-08,2356.0,2420.0,2356.0,2394.199951171875,2348.24267578125,1876867
2025-04-09,2400.0,2429.449951171875,2390.89990234375,2411.14990234375,2364.8671875,1186937
2025-04-11,2439.5,2448.0,2380.25,2393.60009765625,2347.654296875,968152
2025-04-15,2414.89990234375,2425.0,2385.0,2415.699951171875,2369.329833984375,1141122
2025-04-16,2405.10009765625,2468.5,2403.699951171875,2459.89990234375,2412.681396484375,1166695
2025-04-17,2459.89990234375,2476.39990234375,2431.0,2467.89990234375,2420.527587890625,885840
2025-04-21,2465.89990234375,2470.89990234375,2441.0,2445.0,2398.0673828125,541913
2025-04-22,2445.0,2450.0,2413.5,2432.0,2385.31689453125,543647
2025-04-23,2437.0,2456.60009765625,2425.60009765625,2453.10009765625,2406.01220703125,744684
2025-04-24,2450.0,2491.0,2435.89990234375,2464.39990234375,2417.094970703125,1203452
2025-04-25,2464.300048828125,2468.699951171875,2413.699951171875,2431.60009765625,2384.924560546875,702217
2025-04-28,2419.89990234375,2459.800048828125,2405.0,2452.199951171875,2405.129150390625,554920
2025-04-29,2460.0,2472.0,2441.60009765625,2451.10009765625,2404.050537109375,1235066
2025-04-30,2450.0,2462.199951171875,2401.5,2425.699951171875,2379.137939453125,1479669
2025-05-02,2425.0,2444.89990234375,2398.0,2410.0,2363.7392578125,744673
2025-05-05,2423.10009765625,2475.0,2423.10009765625,2436.89990234375,2390.122802734375,1229588
2025-05-06,2442.0,2449.89990234375,2391.10009765625,2418.0,2371.585693359375,702802
2025-05-07,2388.0,2405.699951171875,2318.5,2334.10009765625,2289.29638671875,1711738
2025-05-08,2322.0,2349.10009765625,2293.5,2302.60009765625,2258.40087890625,2292261
2025-05-09,2246.60009765625,2331.800048828125,2245.0,2299.60009765625,2255.45849609375,1503010
2025-05-12,2330.0,2378.5,2321.0,2356.39990234375,2311.16796875,940135
2025-05-13,2354.0,2358.0,2315.10009765625,2324.60009765625,2279.978759765625,1220489
2025-05-14,2319.0,2319.0,2277.10009765625,2282.300048828125,2238.490478515625,1549845
2025-05-15,2285.0,2335.5,2268.0,2329.89990234375,2285.1767578125,1675015
2025-05-16,2333.89990234375,2355.0,2315.0,2353.60009765625,2308.422119140625,785113
2025-05-19,2353.60009765625,2378.89990234375,2326.60009765625,2331.39990234375,2286.648193359375,552961
2025-05-20,2347.5,2347.699951171875,2291.39990234375,2295.60009765625,2251.53515625,1095824
2025-05-21,2296.0,2316.199951171875,2290.0,2312.39990234375,2268.0126953125,469330
2025-05-22,2309.199951171875,2310.0,2283.10009765625,2299.199951171875,2255.06591796875,916504
2025-05-23,2301.800048828125,2329.0,2295.0,2315.5,2271.05322265625,458035
2025-05-26,2316.0,2338.0,2302.800048828125,2327.199951171875,2282.528564453125,1258062
2025-05-27,2313.10009765625,2351.60009765625,2301.10009765625,2327.60009765625,2282.921142578125,2485428
2025-05-28,2327.60009765625,2333.0,2300.300048828125,2303.199951171875,2258.989501953125,774808
2025-05-29,2303.199951171875,2309.0,2286.5,2294.300048828125,2250.26025390625,1414643
2025-05-30,2296.5,2304.0,2255.0,2259.10009765625,2215.736083984375,3610431
2025-06-02,2259.10009765625,2272.300048828125,2257.89990234375,2266.699951171875,2223.190185546875,702789
2025-06-03,2272.60009765625,2287.300048828125,2246.699951171875,2255.699951171875,2212.401123046875,792587
2025-06-04,2249.5,2261.0,2240.89990234375,2249.0,2205.829833984375,768079
2025-06-05,2251.10009765625,2261.0,2233.0,2243.5,2200.435302734375,996614
2025-06-06,2249.10009765625,2252.60009765625,2239.0,2245.199951171875,2202.1025390625,822087
2025-06-09,2240.0,2255.800048828125,2236.0,2247.89990234375,2204.750732421875,1041851
2025-06-10,2240.0,2240.0,2215.199951171875,2218.89990234375,2196.386474609375,1809051
2025-06-11,2209.0,2225.89990234375,2207.199951171875,2208.800048828125,2186.38916015625,1430888
2025-06-12,2224.0,2263.0,2208.10009765625,2219.39990234375,2196.881591796875,3417373
2025-06-13,2175.0,2217.10009765625,2174.800048828125,2214.199951171875,2191.734375,1786807
2025-06-16,2214.199951171875,2250.0,2209.300048828125,2244.800048828125,2222.023681640625,1301826
2025-06-17,2231.0,2281.0,2227.0,2264.800048828125,2241.821044921875,1540986
2025-06-18,2257.0,2284.0,2255.0,2281.39990234375,2258.25244140625,1131156
2025-06-19,2270.0,2285.0,2264.0,2268.0,2244.98828125,524926
2025-06-20,2267.0,2289.89990234375,2263.0,2285.699951171875,2262.5087890625,1945026
2025-06-23,2261.199951171875,2272.800048828125,2253.89990234375,2264.10009765625,2241.1279296875,596186
2025-06-24,2305.0,2309.699951171875,2268.89990234375,2275.300048828125,2252.21435546875,1044179
2025-06-25,2276.10009765625,2294.300048828125,2275.39990234375,2279.89990234375,2256.767578125,807368
2025-06-26,2287.0,2292.60009765625,2280.199951171875,2289.800048828125,2266.567138671875,921519
2025-06-27,2283.0,2364.5,2277.10009765625,2358.699951171875,2334.76806640625,1555059
2025-06-30,2362.0,2369.89990234375,2326.10009765625,2341.10009765625,2317.346923828125,785414
2025-07-01,2380.5,2400.0,2350.199951171875,2369.5,2345.458740234375,1232160
2025-07-02,2340.0,2430.0,2327.0,2419.39990234375,2394.85205078125,1936030
2025-07-03,2428.89990234375,2464.39990234375,2425.0,2430.89990234375,2406.235595703125,1547480
2025-07-04,2430.89990234375,2443.0,2412.0,2424.199951171875,2399.603515625,602309
2025-07-07,2423.300048828125,2465.10009765625,2421.0,2442.800048828125,2418.014892578125,869054
2025-07-08,2440.5,2488.0,2437.300048828125,2484.60009765625,2459.390869140625,1136367
2025-07-09,2520.5,2535.0,2492.89990234375,2498.89990234375,2473.545654296875,2328636
2025-07-10,2507.300048828125,2512.0,2445.10009765625,2451.199951171875,2426.32958984375,932859
2025-07-11,2447.5,2484.800048828125,2435.5,2439.199951171875,2414.451416015625,1050411
2025-07-14,2431.10009765625,2448.60009765625,2391.0,2401.60009765625,2377.233154296875,891618
2025-07-15,2409.89990234375,2415.0,2386.300048828125,2393.5,2369.215087890625,610228
2025-07-16,2381.0,2422.39990234375,2371.0,2410.5,2386.042724609375,1200909
2025-07-17,2404.10009765625,2414.0,2394.0,2398.89990234375,2374.560302734375,526163
2025-07-18,2400.60009765625,2405.0,2372.300048828125,2382.39990234375,2358.2275390625,599552
2025-07-21,2382.39990234375,2408.0,2360.800048828125,2375.39990234375,2351.298583984375,390931
2025-07-22,2375.39990234375,2380.800048828125,2361.300048828125,2365.199951171875,2341.2021484375,411317
2025-07-23,2363.0,2384.699951171875,2352.60009765625,2375.39990234375,2351.298583984375,368999
2025-07-24,2375.39990234375,2380.0,2341.0,2352.10009765625,2328.2353515625,506960
2025-07-25,2340.0,2350.5,2325.800048828125,2336.199951171875,2312.496337890625,383636
2025-07-28,2336.199951171875,2366.39990234375,2320.0,2359.60009765625,2335.6591796875,650364
2025-07-29,2359.0,2418.300048828125,2325.0,2401.5,2377.1337890625,1742815
2025-07-30,2409.0,2443.800048828125,2366.5,2415.800048828125,2391.288818359375,1685818
2025-07-31,2401.39990234375,2417.199951171875,2373.5,2396.10009765625,2371.788818359375,1274735
2025-08-01,2378.0,2472.0,2378.0,2431.0,2406.33447265625,2225293
2025-08-04,2443.199951171875,2467.0,2439.60009765625,2449.800048828125,2424.94384765625,1165898
2025-08-05,2461.89990234375,2463.699951171875,2409.10009765625,2436.800048828125,2412.07568359375,659094
2025-08-06,2440.0,2505.60009765625,2440.0,2491.199951171875,2465.923828125,2019109
2025-08-07,2484.10009765625,2510.0,2466.89990234375,2506.5,2481.068603515625,1502806
2025-08-08,2506.5,2511.699951171875,2468.5,2475.60009765625,2450.482177734375,1178226
2025-08-11,2463.89990234375,2504.199951171875,2452.0,2489.10009765625,2463.84521484375,721135
2025-08-12,2489.10009765625,2502.800048828125,2474.0,2478.300048828125,2453.15478515625,608984
2025-08-13,2479.800048828125,2504.39990234375,2461.199951171875,2500.199951171875,2474.832275390625,350844
2025-08-14,2505.0,2534.89990234375,2497.699951171875,2528.699951171875,2503.043212890625,1088550
2025-08-18,2550.0,2595.0,2536.60009765625,2587.39990234375,2561.147705078125,1755615
2025-08-19,2587.39990234375,2595.0,2561.199951171875,2579.39990234375,2553.228759765625,698587
2025-08-20,2578.0,2579.300048828125,2563.39990234375,2570.10009765625,2544.023193359375,308028
2025-08-21,2574.89990234375,2576.0,2559.300048828125,2566.60009765625,2540.558837890625,781082
2025-08-22,2562.800048828125,2569.300048828125,2501.10009765625,2504.5,2479.0888671875,523774
2025-08-25,2516.0,2522.5,2476.0,2492.89990234375,2467.6064453125,766497
2025-08-26,2481.10009765625,2523.300048828125,2468.0,2481.39990234375,2456.22314453125,7106393
2025-08-28,2465.0,2528.0,2465.0,2489.0,2463.74609375,1485769
2025-08-29,2491.0,2531.60009765625,2490.0,2518.60009765625,2493.0458984375,1798653
2025-09-01,2518.0,2577.800048828125,2515.10009765625,2570.199951171875,2544.122314453125,1314833
2025-09-02,2569.0,2571.89990234375,2531.0,2540.0,2514.228515625,1024054
2025-09-03,2530.0,2565.10009765625,2527.300048828125,2553.89990234375,2527.987548828125,925847
2025-09-04,2553.89990234375,2583.0,2553.0,2568.60009765625,2542.53857421875,933071
2025-09-05,2565.0,2602.0,2565.0,2579.89990234375,2553.723876953125,1153436
2025-09-08,2579.89990234375,2589.60009765625,2526.39990234375,2530.800048828125,2505.1220703125,742880
2025-09-09,2540.0,2551.60009765625,2524.800048828125,2537.300048828125,2511.55615234375,702450
2025-09-10,2537.300048828125,2555.0,2525.10009765625,2543.300048828125,2517.4951171875,520584
2025-09-11,2541.0,2559.5,2535.699951171875,2555.89990234375,2529.96728515625,423961
2025-09-12,2560.0,2568.300048828125,2537.199951171875,2546.300048828125,2520.46484375,547539
2025-09-15,2535.10009765625,2543.5,2498.0,2502.60009765625,2477.208251953125,583051
2025-09-16,2495.0,2509.89990234375,2474.5,2480.89990234375,2455.72802734375,760790
2025-09-17,2482.0,2496.89990234375,2480.800048828125,2493.60009765625,2468.29931640625,359627
2025-09-18,2497.89990234375,2506.199951171875,2469.300048828125,2478.699951171875,2453.550537109375,400796
2025-09-19,2475.0,2509.5,2468.5,2481.699951171875,2456.52001953125,3731525
2025-09-22,2494.10009765625,2503.0,2474.10009765625,2482.699951171875,2457.510009765625,872806
2025-09-23,2472.10009765625,2483.800048828125,2428.0,2446.89990234375,2422.072998046875,1332111
2025-09-24,2446.0,2475.0,2443.199951171875,2457.199951171875,2432.268798828125,637749
2025-09-25,2458.5,2462.699951171875,2388.0,2404.0,2379.6083984375,1518215
2025-09-26,2397.5,2400.0,2339.0,2342.800048828125,2319.029541015625,1089446
2025-09-29,2342.89990234375,2363.699951171875,2329.199951171875,2342.60009765625,2318.83154296875,950369
2025-09-30,2352.0,2388.800048828125,2340.0,2350.0,2326.156494140625,778874
2025-10-01,2353.39990234375,2357.0,2321.199951171875,2335.800048828125,2312.1005859375,648279
2025-10-03,2342.199951171875,2362.699951171875,2336.10009765625,2357.800048828125,2333.877197265625,659872
2025-10-06,2355.0,2359.199951171875,2334.10009765625,2354.800048828125,2330.90771484375,362107
2025-10-07,2355.0,2371.39990234375,2346.0,2352.800048828125,2328.927978515625,498524
2025-10-08,2360.0,2369.39990234375,2320.0,2328.5,2304.87451171875,701799
2025-10-09,2328.5,2341.0,2323.800048828125,2336.39990234375,2312.6943359375,587567
2025-10-10,2338.89990234375,2357.800048828125,2336.60009765625,2340.199951171875,2316.455810546875,1117236
2025-10-13,2340.199951171875,2366.60009765625,2337.0,2342.5,2318.732666015625,667732
2025-10-14,2342.39990234375,2355.0,2308.0,2318.10009765625,2294.580322265625,353345
2025-10-15,2330.0,2384.0,2325.0,2375.10009765625,2351.001953125,753640
2025-10-16,2377.0,2420.800048828125,2366.89990234375,2409.699951171875,2385.250732421875,715890
2025-10-17,2421.0,2544.0,2421.0,2507.800048828125,2482.35546875,3719960
2025-10-20,2507.800048828125,2537.10009765625,2500.699951171875,2516.0,2490.471923828125,714986
2025-10-21,2513.0,2519.199951171875,2484.0,2504.60009765625,2479.187744140625,107942
2025-10-23,2518.89990234375,2546.0,2496.800048828125,2502.39990234375,2477.010009765625,811738
2025-10-24,2495.0,2506.699951171875,2486.300048828125,2501.60009765625,2476.21826171875,327596
2025-10-27,2501.60009765625,2530.0,2499.60009765625,2518.800048828125,2493.243896484375,550089
2025-10-28,2515.0,2528.60009765625,2492.0,2509.300048828125,2483.840087890625,1103957
2025-10-29,2520.0,2550.800048828125,2512.5,2538.699951171875,2512.94189453125,615292
2025-10-30,2535.5,2538.699951171875,2513.300048828125,2523.5,2497.896240234375,736486
2025-10-31,2523.39990234375,2530.0,2505.300048828125,2510.800048828125,2485.324951171875,609128
2025-11-03,2496.199951171875,2515.300048828125,2495.0,2512.199951171875,2486.710693359375,425210
2025-11-04,2510.0,2521.0,2479.699951171875,2486.699951171875,2461.46923828125,527087
2025-11-06,2560.10009765625,2631.0,2560.10009765625,2602.89990234375,2576.490478515625,4448622
2025-11-07,2602.89990234375,2618.89990234375,2585.0,2613.800048828125,2587.27978515625,791663
2025-11-10,2613.800048828125,2666.800048828125,2611.10009765625,2650.39990234375,2623.508544921875,1706880
2025-11-11,2650.39990234375,2664.89990234375,2633.39990234375,2657.199951171875,2630.239501953125,776404
2025-11-12,2660.0,2838.699951171875,2642.10009765625,2769.800048828125,2741.697265625,2859196
2025-11-13,2858.89990234375,2897.10009765625,2840.0,2879.39990234375,2850.184814453125,5933630
2025-11-14,2865.10009765625,2909.89990234375,2862.0,2906.39990234375,2876.9111328125,2494076
2025-11-17,2906.39990234375,2926.89990234375,2880.0,2887.89990234375,2858.5986328125,1230683
2025-11-18,2886.0,2916.0,2862.10009765625,2906.0,2881.00439453125,1819066
2025-11-19,2914.0,2916.0,2887.199951171875,2893.699951171875,2868.81005859375,1387906
2025-11-20,2897.39990234375,2906.10009765625,2852.5,2859.800048828125,2835.201904296875,1062883
2025-11-21,2869.0,2895.60009765625,2854.10009765625,2876.60009765625,2851.857421875,857340
2025-11-24,2876.0,2896.5,2864.5,2879.199951171875,2854.434814453125,5404326
2025-11-25,2899.89990234375,2908.5,2869.0,2875.800048828125,2851.064208984375,972417
2025-11-26,2880.0,2896.199951171875,2857.60009765625,2874.0,2849.27978515625,570376
2025-11-27,2880.0,2914.5,2871.39990234375,2879.10009765625,2854.3359375,1158685
2025-11-28,2880.0,2889.89990234375,2855.800048828125,2874.39990234375,2849.676025390625,748446
2025-12-01,2877.699951171875,2887.5,2848.0,2867.60009765625,2842.934814453125,499153
2025-12-02,2867.0,2962.0,2861.199951171875,2954.39990234375,2928.988037109375,2102147
2025-12-03,2969.0,2969.199951171875,2932.60009765625,2953.5,2928.095947265625,1252456
2025-12-04,2950.0,2985.699951171875,2934.0,2957.199951171875,2931.763916015625,1466098
2025-12-05,2955.0,2973.5,2941.0,2968.5,2942.966796875,944978
2025-12-08,2970.0,2974.5,2914.800048828125,2928.300048828125,2903.112548828125,983544
2025-12-09,2910.0,2913.5,2788.5,2796.0,2771.95068359375,1839391
2025-12-10,2810.0,2824.0,2796.699951171875,2804.5,2780.37744140625,845073
2025-12-11,2800.0,2811.60009765625,2763.199951171875,2779.39990234375,2755.4931640625,777422
2025-12-12,2795.0,2797.0,2746.0,2764.800048828125,2741.01904296875,977696
2025-12-15,2773.10009765625,2802.0,2758.699951171875,2780.199951171875,2756.286376953125,1029674
2025-12-16,2793.0,2808.0,2776.10009765625,2790.89990234375,2766.894287109375,916244
2025-12-17,2800.0,2806.5,2772.0,2785.699951171875,2761.739013671875,636499
2025-12-18,2780.0,2793.800048828125,2755.300048828125,2759.699951171875,2735.962646484375,417994
2025-12-19,2766.39990234375,2812.39990234375,2759.699951171875,2799.89990234375,2775.81689453125,3895542
2025-12-22,2785.800048828125,2823.10009765625,2780.300048828125,2807.60009765625,2783.450927734375,463953
2025-12-23,2798.0,2819.0,2783.10009765625,2807.800048828125,2783.649169921875,431068
2025-12-24,2807.800048828125,2824.699951171875,2782.0,2785.5,2761.540771484375,512144
2025-12-26,2785.0,2794.39990234375,2743.0,2746.5,2722.87646484375,532078
2025-12-29,2746.5,2793.800048828125,2735.0,2775.39990234375,2751.527587890625,815529
2025-12-30,2770.300048828125,2792.39990234375,2741.0,2758.300048828125,2734.574951171875,4833527
2025-12-31,2755.0,2796.800048828125,2754.89990234375,2769.5,2745.678466796875,1274705
2026-01-01,2775.89990234375,2782.699951171875,2746.10009765625,2752.0,2728.3291015625,327945
2026-01-02,2755.800048828125,2799.0,2755.800048828125,2772.60009765625,2748.751953125,508884
2026-01-05,2770.0,2828.0,2769.0,2815.60009765625,2791.382080078125,866733
2026-01-06,2820.0,2848.39990234375,2811.60009765625,2845.800048828125,2821.322265625,875891
2026-01-07,2845.800048828125,2854.699951171875,2801.10009765625,2809.39990234375,2785.235107421875,636748
2026-01-08,2795.0,2804.699951171875,2770.10009765625,2786.5,2762.5322265625,620031
2026-01-09,2789.89990234375,2856.699951171875,2786.199951171875,2825.5,2801.19677734375,1657381
2026-01-12,2826.0,2900.0,2808.0,2896.39990234375,2871.48681640625,1743901
2026-01-13,2900.0,2914.5,2870.800048828125,2886.300048828125,2861.473876953125,1051986
2026-01-14,2884.0,2884.0,2807.300048828125,2813.89990234375,2789.696533203125,958254
2026-01-15,2813.89990234375,2813.89990234375,2813.89990234375,2813.89990234375,2789.696533203125,0
2026-01-16,2787.89990234375,2826.5,2750.5,2756.89990234375,2733.186767578125,1143463
2026-01-19,2756.89990234375,2786.300048828125,2724.699951171875,2754.0,2730.311767578125,1342048
2026-01-20,2740.0,2740.10009765625,2669.300048828125,2675.60009765625,2652.586181640625,911151
2026-01-21,2670.0,2688.0,2648.0,2661.10009765625,2638.2109375,914318
2026-01-22,2665.300048828125,2729.89990234375,2665.300048828125,2703.800048828125,2680.543701171875,1290346
2026-01-23,2703.800048828125,2782.89990234375,2690.800048828125,2703.699951171875,2680.4443359375,1786635
2026-01-27,2719.89990234375,2734.699951171875,2546.0,2622.800048828125,2600.240478515625,3818761
2026-01-28,2535.0,2548.5,2451.0,2511.800048828125,2490.195068359375,3430002
2026-01-29,2511.800048828125,2514.89990234375,2410.0,2416.0,2395.218994140625,3488159
2026-01-30,2417.0,2445.0,2400.5,2428.300048828125,2407.413330078125,2048843
2026-02-02,2374.89990234375,2429.5,2372.0,2402.0,2381.339599609375,1183482
2026-02-03,2525.0,2525.0,2391.0,2426.0,2405.133056640625,2233860
2026-02-04,2430.0,2463.800048828125,2417.10009765625,2452.699951171875,2431.603271484375,970973
2026-02-05,2445.0,2455.800048828125,2402.60009765625,2432.10009765625,2411.1806640625,1047405
2026-02-06,2432.0,2444.0,2386.10009765625,2401.10009765625,2380.447265625,1043982
2026-02-09,2404.0,2426.199951171875,2396.800048828125,2417.39990234375,2396.60693359375,669839
2026-02-10,2419.0,2420.0,2386.89990234375,2393.60009765625,2373.011962890625,1513620
2026-02-11,2399.0,2405.699951171875,2376.300048828125,2392.5,2371.921142578125,3177710
2026-02-12,2398.0,2413.89990234375,2377.0,2410.5,2389.766357421875,607767
2026-02-13,2408.89990234375,2411.800048828125,2360.10009765625,2366.39990234375,2346.045654296875,675635
2026-02-16,2360.0,2405.10009765625,2356.800048828125,2397.199951171875,2376.580810546875,683108
2026-02-17,2399.5,2452.39990234375,2399.5,2437.39990234375,2416.434814453125,1004356
2026-02-18,2440.0,2448.199951171875,2416.5,2432.10009765625,2411.1806640625,551809
2026-02-19,2420.0,2428.0,2391.10009765625,2400.800048828125,2380.14990234375,971600
2026-02-20,2378.199951171875,2435.699951171875,2376.10009765625,2428.10009765625,2407.215087890625,790329
2026-02-23,2424.699951171875,2446.60009765625,2411.5,2429.699951171875,2408.80126953125,634365
2026-02-24,2413.0,2441.5,2403.699951171875,2413.10009765625,2392.34423828125,499660
2026-02-25,2416.0,2427.89990234375,2400.0,2416.39990234375,2395.615478515625,526764
2026-02-26,2416.10009765625,2422.199951171875,2382.0,2394.89990234375,2374.300537109375,588742
2026-02-27,2385.0,2397.60009765625,2359.0,2376.199951171875,2355.761474609375,2531619
2026-03-02,2300.0,2337.89990234375,2283.5,2307.10009765625,2287.255859375,2528308
2026-03-04,2260.699951171875,2290.89990234375,2216.300048828125,2285.199951171875,2265.544189453125,1610358
2026-03-05,2285.199951171875,2313.0,2253.699951171875,2287.800048828125,2268.121826171875,925040
2026-03-06,2261.699951171875,2307.89990234375,2253.699951171875,2279.5,2259.89306640625,979742
2026-03-09,2200.0,2230.0,2162.60009765625,2220.800048828125,2201.6982421875,2198153
2026-03-10,2251.60009765625,2305.10009765625,2251.60009765625,2280.39990234375,2260.785400390625,1192174
2026-03-11,2290.0,2302.0,2226.0,2232.0,2212.8017578125,687786
2026-03-12,2208.0,2249.89990234375,2201.0,2221.199951171875,2202.094482421875,1384055
2026-03-13,2204.699951171875,2219.699951171875,2190.0,2196.800048828125,2177.904541015625,949233
2026-03-16,2185.39990234375,2227.800048828125,2175.10009765625,2217.699951171875,2198.624755859375,1111587
2026-03-17,2217.699951171875,2261.5,2217.199951171875,2238.199951171875,2218.948486328125,875461
2026-03-18,2235.10009765625,2270.39990234375,2228.60009765625,2262.10009765625,2242.642822265625,844912
2026-03-19,2220.0,2239.0,2180.60009765625,2186.0,2167.197509765625,889334
2026-03-20,2210.89990234375,2224.5,2185.0,2195.39990234375,2176.516357421875,875920
2026-03-23,2180.0,2180.0,2115.0,2121.300048828125,2103.053955078125,978398
2026-03-24,2184.0,2224.5,2153.300048828125,2217.300048828125,2198.228271484375,1561016
2026-03-25,2225.10009765625,2289.699951171875,2222.0,2270.199951171875,2250.673095703125,1270855
2026-03-27,2246.300048828125,2269.0,2201.10009765625,2207.39990234375,2188.413330078125,1089010
2026-03-30,2185.300048828125,2202.89990234375,2151.0,2165.199951171875,2146.576171875,1513565
2026-04-01,2224.800048828125,2246.60009765625,2198.39990234375,2225.800048828125,2206.655029296875,1209900
2026-04-02,2185.0,2185.10009765625,2142.39990234375,2169.0,2150.34375,1854061
2026-04-06,2169.0,2193.199951171875,2145.89990234375,2184.300048828125,2165.511962890625,2048228
2026-04-07,2167.699951171875,2198.699951171875,2145.0,2186.199951171875,2167.395751953125,1793007
2026-04-08,2284.5,2336.89990234375,2245.199951171875,2282.39990234375,2262.76806640625,2914767
2026-04-09,2275.0,2289.60009765625,2252.0,2269.60009765625,2250.078369140625,1980060
2026-04-10,2267.699951171875,2376.89990234375,2267.699951171875,2360.699951171875,2340.394775390625,3018178
2026-04-13,2279.89990234375,2362.5,2262.0,2352.39990234375,2332.166015625,1734562
2026-04-15,2400.5,2426.0,2381.0,2423.10009765625,2402.258056640625,1182431
2026-04-16,2435.0,2446.60009765625,2411.60009765625,2440.300048828125,2419.31005859375,1496210
2026-04-17,2425.0,2486.10009765625,2417.5,2464.0,2442.80615234375,1286575
2026-04-20,2470.0,2523.800048828125,2456.5,2516.800048828125,2495.152099609375,1203157
2026-04-21,2516.300048828125,2582.0,2513.699951171875,2543.60009765625,2521.7216796875,1681872
2026-04-22,2500.0,2572.0,2500.0,2562.89990234375,2540.85546875,1126584
2026-04-23,2530.0,2541.699951171875,2510.0,2521.39990234375,2499.71240234375,1378614
2026-04-24,2521.39990234375,2538.89990234375,2470.699951171875,2485.10009765625,2463.724853515625,436871
2026-04-27,2503.0,2519.800048828125,2475.5,2485.199951171875,2463.82373046875,452134
2026-04-28,2475.0,2499.0,2456.10009765625,2462.60009765625,2441.41845703125,556571
2026-04-29,2469.89990234375,2477.89990234375,2438.60009765625,2447.300048828125,2426.25,603585
2026-04-30,2426.699951171875,2455.89990234375,2385.5,2444.5,2423.473876953125,823684
2026-05-01,2444.5,2444.5,2444.5,2444.5,2423.473876953125,0
2026-05-04,2460.0,2507.0,2442.300048828125,2448.10009765625,2427.04296875,581159
2026-05-05,2430.0,2454.89990234375,2415.0,2430.0,2409.0986328125,327682
2026-05-06,2460.0,2529.0,2440.39990234375,2519.0,2497.333251953125,1395987
2026-05-07,2534.60009765625,2555.800048828125,2511.300048828125,2530.60009765625,2508.83349609375,1053513
2026-05-08,2540.0,2607.39990234375,2515.39990234375,2599.89990234375,2577.537109375,2327900
2026-05-11,2578.89990234375,2607.89990234375,2555.0,2566.10009765625,2544.028076171875,1271257
2026-05-12,2546.199951171875,2555.699951171875,2500.0,2505.5,2483.94921875,628802
2026-05-13,2554.0,2642.39990234375,2554.0,2617.60009765625,2595.085205078125,3515018
2026-05-14,2620.0,2665.699951171875,2610.0,2622.199951171875,2599.6455078125,1040916
2026-05-15,2622.199951171875,2640.0,2592.800048828125,2605.60009765625,2583.1884765625,796240
2026-05-18,2580.10009765625,2619.39990234375,2556.0,2614.0,2591.51611328125,898479
2026-05-19,2629.0,2646.0,2595.10009765625,2600.699951171875,2578.330322265625,688639
2026-05-20,2562.0,2614.0,2562.0,2598.60009765625,2576.24853515625,586190
2026-05-21,2625.0,2648.300048828125,2590.800048828125,2598.800048828125,2576.44677734375,1031843
2026-05-22,2606.10009765625,2664.699951171875,2600.199951171875,2639.800048828125,2617.09423828125,1556434
2026-05-25,2672.0,2684.10009765625,2653.199951171875,2657.800048828125,2634.939453125,815621
2026-05-26,2650.0,2664.300048828125,2635.89990234375,2647.0,2624.232177734375,486267
2026-05-27,2644.800048828125,2689.60009765625,2642.0,2671.89990234375,2648.91796875,858457
2026-05-28,2671.89990234375,2671.89990234375,2671.89990234375,2671.89990234375,2648.91796875,0
2026-05-29,2676.10009765625,2748.199951171875,2631.60009765625,2671.60009765625,2648.62060546875,5062328
2026-06-01,2732.60009765625,2778.800048828125,2626.699951171875,2632.39990234375,2609.757568359375,2224344
2026-06-02,2626.10009765625,2672.10009765625,2607.89990234375,2660.699951171875,2637.814208984375,1026319
2026-06-03,2652.10009765625,2676.0,2624.699951171875,2662.39990234375,2639.49951171875,958774
2026-06-04,2663.89990234375,2698.800048828125,2644.89990234375,2661.60009765625,2638.706787109375,1840743
2026-06-05,2666.0,2699.800048828125,2665.0,2686.699951171875,2663.590576171875,1615011
2026-06-08,2643.300048828125,2675.0,2630.10009765625,2659.199951171875,2636.3271484375,1262904
2026-06-09,2666.199951171875,2719.0,2661.5,2708.10009765625,2684.806640625,1416560
2026-06-10,2711.10009765625,2744.0,2700.0,2715.10009765625,2691.74658203125,1395772
2026-06-11,2693.89990234375,2706.699951171875,2671.0,2690.89990234375,2667.75439453125,771558
2026-06-12,2725.699951171875,2753.0,2709.39990234375,2747.39990234375,2723.7685546875,1078025
2026-06-15,2820.300048828125,2832.699951171875,2730.0,2739.300048828125,2715.73828125,2752021
2026-06-16,2741.0,2771.0,2735.0,2748.10009765625,2724.462646484375,962931
2026-06-17,2764.0,2768.89990234375,2732.5,2738.0,2714.449462890625,557209
2026-06-18,2745.0,2765.0,2728.199951171875,2755.0,2731.30322265625,600888
2026-06-19,2752.89990234375,2752.89990234375,2718.800048828125,2732.89990234375,2709.393310546875,838991
2026-06-22,2742.699951171875,2756.5,2670.0,2674.0,2651.0,1033475
2026-06-23,2669.0,2695.39990234375,2650.10009765625,2661.199951171875,2661.199951171875,1182151
2026-06-24,2662.0,2687.60009765625,2653.60009765625,2667.5,2667.5,1264476
2026-06-25,2690.0,2690.699951171875,2637.10009765625,2645.199951171875,2645.199951171875,2050810
2026-06-26,2645.199951171875,2645.199951171875,2645.199951171875,2645.199951171875,2645.199951171875,0
2026-06-29,2631.300048828125,2687.800048828125,2630.0,2656.89990234375,2656.89990234375,4752587
2026-06-30,2658.0,2672.10009765625,2630.300048828125,2635.699951171875,2635.699951171875,1821479
2026-07-01,2648.0,2723.0,2624.0,2716.39990234375,2716.39990234375,1097512
2026-07-02,2720.0,2759.89990234375,2711.0,2744.5,2744.5,1629567
2026-07-03,2744.0,2762.39990234375,2730.0,2737.800048828125,2737.800048828125,472124
2026-07-06,2724.0,2758.0,2722.0,2754.89990234375,2754.89990234375,504943
2026-07-07,2750.0,2751.800048828125,2726.39990234375,2731.39990234375,2731.39990234375,489066
2026-07-08,2676.60009765625,2713.10009765625,2653.300048828125,2665.89990234375,2665.89990234375,1481672
2026-07-09,2658.0,2722.800048828125,2656.0,2673.800048828125,2673.800048828125,918568
2026-07-10,2695.0,2728.199951171875,2672.89990234375,2677.800048828125,2677.800048828125,982095
2026-07-13,2650.5,2664.39990234375,2630.10009765625,2652.10009765625,2652.10009765625,1107802
2026-07-14,2604.0,2655.89990234375,2579.89990234375,2641.0,2641.0,975301
2026-07-15,2644.89990234375,2684.0,2644.89990234375,2670.0,2670.0,809114
2026-07-16,2688.0,2693.10009765625,2660.10009765625,2674.699951171875,2674.699951171875,455037
2026-07-17,2665.0,2700.0,2665.0,2689.0,2689.0,452284
2026-07-20,2689.0,2708.5,2666.699951171875,2691.39990234375,2691.39990234375,571087
2026-07-21,2695.0,2720.0,2680.5,2692.39990234375,2692.39990234375,1000078
2026-07-22,2683.0,2700.0,2665.60009765625,2692.800048828125,2692.800048828125,528096
2026-07-23,2671.10009765625,2693.39990234375,2656.0,2668.800048828125,2668.800048828125,584245
2026-07-24,2620.10009765625,2657.10009765625,2620.10009765625,2637.89990234375,2637.89990234375,645563
2026-07-27,2665.800048828125,2723.89990234375,2664.300048828125,2710.199951171875,2710.199951171875,715239
2026-07-28,2712.0,2749.800048828125,2706.300048828125,2736.199951171875,2736.199951171875,1282146
2026-07-29,2746.199951171875,2864.0,2718.5,2758.39990234375,2758.39990234375,3803474
2026-07-30,2758.10009765625,2767.89990234375,2666.199951171875,2746.199951171875,2746.199951171875,2387024
2026-07-31,2773.89990234375,2774.89990234375,2732.39990234375,2747.300048828125,2747.300048828125,891738
2026-08-03,2770.89990234375,2810.0,2762.10009765625,2810.0,2810.0,1040453
2026-08-04,2774.89990234375,2807.300048828125,2732.39990234375,2775.0,2775.0,820097
2026-08-05,2787.0,2787.0,2748.699951171875,2760.0,2760.0,688876
2026-08-06,2788.0,2788.0,2741.60009765625,2755.0,2755.0,797083
2026-08-07,2755.0,2755.0,2695.0,2735.0,2735.0,1067986
2026-08-10,2724.699951171875,2761.5,2713.5,2750.0,2750.0,977656
2026-08-11,2742.10009765625,2747.60009765625,2720.0,2735.5,2735.5,951134
2026-08-12,2733.199951171875,2748.39990234375,2698.199951171875,2740.0,2740.0,648174
2026-08-13,2725.0,2755.5,2720.0,2755.5,2755.5,579435
2026-08-14,2751.0,2751.0,2690.300048828125,2696.300048828125,2696.300048828125,667311
2026-08-17,2694.5,2714.60009765625,2687.5,2687.5,2687.5,312900
2026-08-18,2663.10009765625,2670.10009765625,2610.10009765625,2628.39990234375,2628.39990234375,1017022
2026-08-19,2625.0,2634.89990234375,2601.0,2630.800048828125,2630.800048828125,742443
2026-08-20,2635.10009765625,2641.800048828125,2607.0,2625.199951171875,2625.199951171875,476939
2026-08-21,2620.199951171875,2644.0,2615.5,2640.0,2640.0,330334
2026-08-24,2640.39990234375,2642.699951171875,2622.0,2640.800048828125,2640.800048828125,355289
2026-08-25,2631.0,2640.0,2605.199951171875,2639.800048828125,2639.800048828125,479480
2026-08-26,2660.89990234375,2678.699951171875,2626.5,2626.5,2626.5,339110
2026-08-27,2637.89990234375,2655.89990234375,2627.89990234375,2631.0,2631.0,525106
2026-08-28,2645.0,2645.0,2583.800048828125,2608.699951171875,2608.699951171875,482507
